AAPL,EGO,FSMD,MGRM,RIVN
0.2699493354889795,0.3980278725706962,0.3135610078421898,0.0006649351657223029,0.017796848932412193
0.19030819504370386,0.21843746478456846,0.22585649427770782,0.25822730022341667,0.10717054567060327
0.3557147150725613,0.16326060932673692,0.37707633569961857,0.07805517540414492,0.02589316449693838
0.051149893509113774,0.3063252106312219,0.2544313717943675,0.12000882707446958,0.2680846969908272
0.18494339976799587,0.3513485815320622,0.17006515799487704,0.1469570535955488,0.146685807109516
0.27849672387114205,0.27634351079130576,0.04441466232406732,0.20089673336799405,0.1998483696454908
0.25379769517602113,0.14408239558369307,0.2915418663253166,0.12858993143691727,0.18198811147805202
0.28628923222185626,0.06232483014377688,0.3574822043369942,0.2669865571507305,0.02691717614664223
0.14061947030808808,0.06494516379441717,0.2701255099265997,0.2560966932985137,0.26821316267238127
0.06215226415102492,0.1634210499755308,0.2004140600440505,0.23106957118368834,0.34294305464570535
0.29792171650536714,0.14372817241905692,0.18977915161116868,0.2767515331162769,0.09181942634813033
0.1273962573943001,0.32836238607205465,0.07762714848039938,0.2962164391864017,0.17039776886684407
0.14124104459310108,0.3230280454116205,0.46576269413167487,0.002376830755681415,0.06759138510792208
0.6814827588406952,0.044319894664536376,0.06942080894258928,0.10973610132009584,0.09504043623208333
0.057865623842441274,0.20320924647391306,0.19454519921228458,0.19854439147903735,0.3458355389923237
0.3609021334600584,0.16988898368534477,0.021007431550045565,0.24337447083218045,0.2048269804723709
0.17439203198183428,0.2939090634363935,0.015106103814721883,0.18231758786238,0.3342752129046702
0.1457934933588284,0.346298178095773,0.19448432971354349,0.12041386298240786,0.19301013584944735
0.5005805785060018,0.01734381853407319,0.308310812293623,0.00070967306641461,0.17305511759988748
0.1828211369121112,0.2746832691109295,0.1836182791917009,0.17791397062669037,0.18096334415856807
0.255249770439955,0.17404217966737137,0.15010854479555003,0.3358584148231427,0.08474109027398082
0.09105618673507568,0.23165134987028027,0.28016052667790203,0.18347277426416134,0.21365916245258068
0.13063161296886616,0.18460864871317129,0.16850226625086076,0.25519933806129613,0.26105813400580574
0.07148203698445843,0.30870184026954106,0.04429340207635546,0.22054898211686028,0.35497373855278486
0.4631460001049213,0.010040698203557689,0.20528575603212607,0.1976843422190144,0.12384320344038063
0.11170939959493195,0.208652729343959,0.30136417981140773,0.29096934581429346,0.08730434543540783
0.13658150100891786,0.15626411805305995,0.21297716961789329,0.2627500712482872,0.23142714007184173
0.19480935028889884,0.2744763787487747,0.1846688939461588,0.1719350007361329,0.17411037628003487
0.3960124168902547,0.07276866250517745,0.0777381333510126,0.22177479542749487,0.23170599182606044
0.30086045127670075,0.21568171399366565,0.22055448346725126,0.025613483961998283,0.23728986730038404
0.2927525799789727,0.037374746748559166,0.1914024015927173,0.4188435388346032,0.0596267328451476
0.3063162276974173,0.13632791427110377,0.0064612549373122205,0.2748093947300519,0.276085208364115
0.08404282046682818,0.013794341875657578,0.3273112694120022,0.2625703068976366,0.31228126134787554
0.2787467739210443,0.23406670177101593,0.060545547608073104,0.029162851788363118,0.3974781249115034
0.3503150192995947,0.0022079075743709656,0.33403514688695357,0.21291353110822556,0.10052839513085512
0.21373333719204948,0.35507617572263045,0.046325741659357704,0.2603279954147033,0.12453675001125916
0.3084805156579129,0.043462985517534906,0.09073371637040317,0.15796517499703888,0.39935760745711
0.2428215123954707,0.2235495250172246,0.2656831278411657,0.17831303800676818,0.08963279673937072
0.36736947019078076,0.1128593221570568,0.022543133011629964,0.13433427408955584,0.3628938005509767
0.12122162736019781,0.17672219005314377,0.1120440507549752,0.2938594604698709,0.29615267136181245
0.046111446209897836,0.11432071960919088,0.2567948846891678,0.2817657317430889,0.3010072177486545
0.11176516653593174,0.17235431615348362,0.04383844211574014,0.48957148588617677,0.1824705893086678
0.023562986582434955,0.3205218305350387,0.38585387530555376,0.23727840165165645,0.032782905925316276
0.15541251065868047,0.14145622423209486,0.3055121519255349,0.2394020077298465,0.15821710545384338
0.2244233355805675,0.3506541826497087,0.07792052593129238,0.05296544266301715,0.29403651317541424
0.2028130171134331,0.26917357115129836,0.0691511077090289,0.27719243027949986,0.1816698737467397
0.13604731842109347,0.0053563507586464765,0.323305509525619,0.19134444121340632,0.3439463800812348
0.046239582895807756,0.23148134101721526,0.23775836032813003,0.09247541828579393,0.39204529747305306
0.051134642169322696,0.3565934949427202,0.3488073007893701,0.14608838742613073,0.09737617467245614
0.13370583562519883,0.27311228350614253,0.2531799605045187,0.055465751006428116,0.2845361693577118
0.3081993203074925,0.19378195438453827,0.2724308534423207,0.1251245926202017,0.10046327924544698
0.2307419419717665,0.015846373404987995,0.00915937915444241,0.3649483420394802,0.37930396342932293
0.2964221581318809,0.23681727446360218,0.21483053961780013,0.17146464983579443,0.08046537795092248
0.11371812166926631,0.2942525211681797,0.2550883143673975,0.2575750618541485,0.079365980941008
0.17857311639394893,0.2749418629487833,0.23404096335031413,0.21510645067505801,0.09733760663189568
0.19029617295786086,0.09204303285827058,0.517507592731742,0.12304012003448966,0.07711308141763713
0.24093421000998277,0.142769384160206,0.03766669880769053,0.3085609249076807,0.2700687821144401
0.21655525663643752,0.307060848276601,0.13037029165473552,0.3253967586412929,0.020616844790933182
0.29510120686781816,0.23044411656394487,0.15824510675411949,0.1911464167823461,0.12506315303177126
0.14378024637198947,0.1368465238555864,0.22147932018717267,0.20711405400211533,0.2907798555831361
0.25094996079151827,0.16547755893589208,0.11748126707186403,0.27550153024836943,0.19058968295235623
0.07807545362404132,0.22360288856355912,9.02360036427232e-05,0.2844310696569501,0.41380035215180677
0.029410793722000134,0.16712709366680747,0.18177186611069335,0.23749309671934854,0.38419714978115055
0.3304524063044659,0.21745595095837011,0.2730419529946631,0.1273612971672766,0.0516883925752242
0.2893516518152683,0.09446087235474482,0.018304475503953914,0.2787677633869055,0.3191152369391274
0.2736738926772971,0.2892161315436314,0.22020304365442916,0.11864595134996372,0.09826098077467872
0.29425267603265015,0.10091365440736601,0.1923576727771234,0.2353142158574269,0.17716178092543367
0.08065875960384729,0.10461331285680675,0.3293970395937471,0.30315953380023836,0.18217135414536037
0.28015536346295866,0.02286501140517703,0.16811323985240414,0.14661729526471456,0.3822490900147457
0.2938774188221843,0.12393455189993421,0.1278340220214967,0.3247334571671437,0.1296205500892411
0.21547984578926754,0.12339177649666673,0.05471348536762564,0.2826720207180295,0.32374287162841053
0.14173895243270265,0.23749174887687774,0.3364663645755684,0.055385828394483125,0.22891710572036814
0.1496215586980188,0.11451351582699668,0.3011415612210404,0.33201674336245607,0.10270662089148805
0.1269733182516544,0.2841013948093865,0.05845835069025366,0.4058499052688115,0.12461703097989393
0.14247007528346828,0.0663417028019656,0.22090075550459462,0.30833844637705327,0.2619490200329183
0.17270776742167163,0.16970061754960383,0.2863409079314063,0.2618140393351778,0.10943666776214042
0.12359292381540217,0.3007323702013524,0.0269872037738219,0.4754064172577458,0.07328108495167768
0.23497832943721,0.19133690556555064,0.1430260183400381,0.2286544009352278,0.20200434572197332
0.17655989223175708,0.2261524334049091,0.022478170697877296,0.11589825292056896,0.45891125074488753
0.28218559354091083,0.09237532470566424,0.04346677959616753,0.31766192425395456,0.2643103779033028
0.2770844039480653,0.15059683470517,0.2657278524077127,0.14217036792239865,0.16442054101665327
0.08201119024213409,0.3445813672724867,0.24857965188963296,0.312582278964615,0.012245511631131417
0.3185519419149909,0.1916499927858575,0.067154861938705,0.3593748721009904,0.06326833125945613
0.1696704486188125,0.19258591049120413,0.20517497953407177,0.23378575399400575,0.19878290736190585
0.25859185116639755,0.002705690915844218,0.32437999671056816,0.30482524067786115,0.10949722052932913
0.2017257757520118,0.24550169097588773,0.3794570444488562,0.13830999486096218,0.035005493962282065
0.014001491083341948,0.13787753570446443,0.303873844338372,0.29372644078386806,0.2505206880899535
0.32671934029111543,0.005407988948915528,0.09989901088806759,0.3662930535178068,0.2016806063540946
0.1826523433823116,0.15054541806852165,0.15687461542139852,0.28830678971157386,0.22162083341619437
0.26623650224432055,0.27933193926819555,0.335477451847284,0.015030153314935835,0.10392395332526404
0.23006390894055306,0.41475487854645965,0.04642220228545798,0.15573068430405437,0.1530283259234751
0.15340457044299274,0.13526803012630387,0.14735512138766366,0.28726943776567654,0.2767028402773632
0.31508632149700205,0.3571204639352598,0.05281932405387224,0.02853042061040377,0.2464434699034621
0.2032312614286331,0.11368099790639584,0.07753993618359802,0.24264242020849816,0.3629053842728749
0.25257254420919956,0.11460122043809688,0.31990984849328863,0.30756777482183967,0.005348612037575182
0.03899389091007151,0.2128333637520374,0.2621802635832448,0.37731039285953544,0.10868208889511097
0.20880740882227672,0.0015555900034416217,0.15377171220782992,0.24922327570808464,0.38664201325836706
0.1504036497149298,0.2811758025749437,0.12350002715786566,0.2629802985953054,0.18194022195695536
0.18419807305905142,0.26343334309834504,0.23764729437205762,0.22256981372062365,0.09215147574992223
0.1423795698057059,0.23351866335623034,0.14804790649545818,0.37025298482291147,0.10580087551969419
0.3573602495625281,0.02017762077260734,0.10068376726877706,0.27826296189431654,0.24351540050177095
0.3260891809132461,0.1656994228151041,0.37588285120793613,0.04983684971478978,0.08249169534892362
0.2421000100523324,0.26801126973451156,0.07028576631792592,0.15924449377007513,0.26035846012515484
0.14958269131402682,0.2807523514446312,0.15742431700970747,0.2545967425195592,0.15764389771207532
0.03980209596538953,0.1337699728556897,0.31905812496324426,0.030147990646920288,0.4772218155687562
0.10201250004847523,0.2542484844594122,0.06279093682046316,0.4268790140939078,0.15406906457774167
0.25603800812932953,0.13222393249166758,0.07288637396517846,0.25456177885986875,0.28428990655395575
0.05340809677635597,0.26625459883252556,0.11862206553863729,0.27495718835535543,0.28675805049712566
0.3001674670049968,0.24391522970954452,0.33585031991770664,0.0034930376874632023,0.11657394568028873
0.08417279038943787,0.3741912196228991,0.4778289152862286,0.05872104813152622,0.005086026569908208
0.21246122935221576,0.12047342380240615,0.2981463461723944,0.0894081143632205,0.27951088630976323
0.23205641222300807,0.1440233697766922,0.20928666002681956,0.1618954502822716,0.2527381076912088
0.3063450542353565,0.20182516157891445,0.3109371314734504,0.01659934763002703,0.1642933050822515
0.2888961793249893,0.20449035846144714,0.14673057434743111,0.053671518422343543,0.30621136944378896
0.3712591941646461,0.07348866041125929,0.020582765520314204,0.024728555533288524,0.5099408243704918
0.16774359501936342,0.3139559601841245,0.034968695948064725,0.11239927812293131,0.37093247072551605
0.2944310414161804,0.023550015254519947,0.4798700351478761,0.10884480450929082,0.09330410367213277
0.09231894645170259,0.22268417986204433,0.23793327015804921,0.2058994848669116,0.24116411866129223
0.37556941835867036,0.13497034276352957,0.32529201979393174,0.11594630756512264,0.048221911518745914
0.11268960262677444,0.2979725202972762,0.33196588774848,0.03472684745219025,0.22264514187527912
0.34537265210751206,0.010664370283326651,0.2547319177598726,0.26631338327102283,0.12291767657826592
0.1356435131612754,0.40229441997398746,0.15433274741711134,0.024502292107416137,0.28322702734020966
0.2759161249716634,0.02052054876720618,0.3369361726865655,0.013435918321573885,0.35319123525299106
0.017818962871425606,0.18989455946287231,0.10434438110252343,0.39945221174964435,0.2884898848135342
0.14736266026728598,0.34526637549168543,0.07464659762539527,0.23065005070396202,0.20207431591167122
0.4132128011876058,0.2259398765105968,0.11470583829726992,0.023117412788629842,0.22302407121589768
0.22674575315261716,0.13527086690151074,0.2764098563636654,0.09408007498678923,0.2674934485954174
0.24970770518212476,0.004405979254767762,0.1883457878827162,0.06658805682167228,0.490952470858719
0.22476917339064395,0.22481888816127069,0.24002339217468754,0.04962250996386221,0.2607660363095354
0.1771171557717309,0.16158901024496938,0.21952871638897767,0.29923353350196374,0.14253158409235844
0.21149356436240513,0.23760901408644022,0.23019047903999187,0.1116043270176788,0.20910261549348394
0.19169206103861897,0.21493996281457892,0.12002205217781967,0.21512048163769704,0.25822544233128536
0.21162585738177261,0.2553778867795002,0.3034626393062807,0.210237979313928,0.01929563721851849
0.12372369073142299,0.27216296780040755,0.13843131393807398,0.11743522493146673,0.3482468025986287
0.2988482691734666,0.1837149957299602,0.0870166330885281,0.06483616477500974,0.36558393723303534
0.22955545637024363,0.16775192824725824,0.2777749309705998,0.06536239411097013,0.25955529030092817
0.29033757917176317,0.16299563170058176,0.15794300972970676,0.12210650499853994,0.2666172743994083
0.1881842927247658,0.24665552672177973,0.3813504752111301,0.15940727577282204,0.024402429569502303
0.05006340043928833,0.3004462548604751,0.3720813278836119,0.028991956061033535,0.2484170607555911
0.22891909750239908,0.29479773986859015,0.18927723888306477,0.2608196626589823,0.02618626108696359
0.269029615663529,0.2642632556013673,0.1339679347271125,0.29264807980561475,0.04009111420237645
0.005817106656168619,0.1754464623932997,0.32647072877665734,0.09612874159042302,0.39613696058345144
0.1693448500141933,0.1243734460165567,0.3345245371796251,0.3341005178863812,0.037656648903243696
0.23766852058503954,0.0023347597186271687,0.1839652339432451,0.3102242654592661,0.2658072202938222
0.19235994375487736,0.3400622435117649,0.17239395750527114,0.065926853170903,0.22925700205718377
0.07816967657647718,0.01243051898433138,0.3751538951260175,0.17099302535182243,0.3632528839613514
0.07276218545808194,0.18946962701643108,0.21068299929417608,0.46369020840360925,0.0633949798277017
0.28249567936363573,0.050126718551630214,0.17992087162684342,0.3263133481509052,0.16114338230698563
0.11341916770574659,0.2535982641503658,0.26899345998243335,0.23692448447007686,0.12706462369137744
0.26594514751422516,0.2114336366896193,0.06571004853758278,0.2540113805093856,0.2028997867491872
0.19200062740992055,0.2699335110543256,0.2229643451124913,0.058439550761267854,0.25666196566199484
0.14567169056816331,0.20094319284339696,0.3293567486187405,0.0665934296748594,0.2574349382948399
0.27171669695116835,0.021647405205542616,0.10375985081753626,0.4312597894398058,0.17161625758594692
0.11173114017700135,0.1239757464230185,0.35593870394869176,0.3621205716934421,0.04623383775784618
0.1290289497643968,0.3799893382672177,0.11304881855705248,0.01473177610407307,0.36320111730725996
0.2843957520606841,0.07372822568417865,0.045363476542417805,0.30708832818571047,0.2894242175270088
0.13598220674020078,0.07527873208005158,0.22773713091871658,0.31612232274401253,0.24487960751701845
0.1783293696364808,0.23743877907467864,0.38554360613545924,0.12821599957640967,0.07047224557697164
0.28518782416287936,0.1594143395352355,0.0824705090615367,0.43455547006871376,0.03837185717163465
0.26574668856902145,0.153731309394711,0.26382901237226153,0.2904986393789016,0.02619435028510441
0.3414546440847972,0.21045953100651904,0.020563824031659655,0.19811360223019867,0.22940839864682547
0.3012314053167244,0.2341626937539285,0.3020704063248831,0.12620368640682228,0.036331808197641584
0.2669767584845087,0.1911939376047668,0.19028982032625114,0.041218202254148406,0.31032128133032494
0.2864801862578048,0.0080491915872936,0.2822052441399692,0.36175503696208594,0.061510341052846404
0.37397105676637893,0.2976130179599472,0.21903285998788138,0.08439946738444087,0.024983597901351556
0.04286763445597361,0.36309985421681296,0.04099542635758296,0.15791388691398986,0.3951231980556405
0.2671274061912002,0.28845078297534926,0.13988680054659988,0.11001006917584578,0.19452494111100477
0.14189924447560145,0.17173323647178027,0.2996139889778894,0.3317143408426624,0.05503918923206658
0.4389573500457725,0.021359466415861526,0.2894020003390836,0.14130240981537953,0.10897877338390294
0.2296635844857119,0.29219875624981734,0.20990682734772975,0.26553042677785443,0.0027004051388864843
0.3331774672188022,0.16618425276993215,0.07273077248636982,0.2013532483821104,0.22655425914278554
0.0632041791720775,0.1942332389445575,0.2571871700637685,0.21943329183908614,0.26594211998051037
0.2326145517469939,0.1924883615068064,0.18348738254009606,0.1798254146520452,0.21158428955405847
0.2296856172146534,0.24475523938132757,0.1364103142132872,0.21846163631143625,0.1706871928792956
0.06576656432131357,0.09070622488920446,0.4913510646388082,0.18906045297767396,0.16311569317299987
0.03071581393791907,0.047856297899256384,0.28723430455730675,0.29914169232358145,0.3350518912819364
0.10418430001517444,0.10973755148075386,0.2585309913211537,0.21964591421210275,0.3079012429708153
0.3384184413492341,0.2992742370149642,0.10594879079612231,0.19110972013483452,0.06524881070484487
0.07315660495434818,0.09649914990600136,0.4329802115880851,0.209455931543574,0.1879081020079913
0.34374491383027966,0.27089957827733974,0.0768399727455144,0.22685361599784326,0.08166191914902293
0.21773856454993612,0.4225807105012613,0.004887862916434691,0.13381488253475493,0.22097797949761297
0.06529223215207042,0.693469037309348,0.048375332939147274,0.02066409538594417,0.17219930221349022
0.24478279556136398,0.22347279233992154,0.03746798607157657,0.3160843317485595,0.17819209427857835
0.2753234034735704,0.04960052368925052,0.047187334219316306,0.41654380906417754,0.2113449295536853
0.2645310483792814,0.20758231816342423,0.12300759973253603,0.14512989933449608,0.25974913439026237
0.20608141117507311,0.289764771168539,0.2889473021496007,0.18685757568457628,0.028348939822210872
0.1761695104566713,0.19314210352627192,0.117565570453351,0.3422393596706851,0.17088345589302067
0.4332052272355357,0.22247185506686556,0.19048863261608567,0.001392473870737207,0.15244181121077588
0.3042096691479056,0.1427517504975873,0.08156984775172525,0.16700377163997493,0.3044649609628069
0.040938036892061935,0.3860895327661483,0.0956143751367575,0.14316515037151098,0.3341929048335213
0.1838341028469188,0.10631661267115973,0.27480758512894304,0.2519743043358971,0.18306739501708125
0.07328182733104104,0.21542475493313304,0.10492455266283453,0.30832028589979116,0.2980485791732002
0.44306784417171974,0.18121828047642044,0.046341175879528414,0.023278801983418803,0.3060938974889127
0.1723401293867102,0.08516291470067401,0.21743218401022674,0.3067547880678078,0.21830998383458122
0.12020620906315117,0.23809917360525457,0.31873247823985346,0.027552966802417242,0.2954091722893236
0.07120631119971885,0.4854420284853887,0.22582689891106084,0.1148591817854973,0.10266557961833432
0.4511860706286837,0.011952041121483905,0.011842433357189782,0.2634244506045406,0.26159500428810184
0.0016520177887603409,0.24826023023614574,0.1917319511637547,0.35821966346735745,0.20013613734398183
0.39749855302656967,0.12233137546597765,0.12046655023084354,0.2997542268467948,0.059949294429814344
0.2792596466334196,0.1785973889571422,0.14496886930288327,0.1527117427795237,0.2444623523270313
0.2912695629226866,0.25621933627674065,0.22569547073769644,0.19306207732627503,0.03375355273660124
0.1028414233482889,0.30783999752306046,0.03708038695311681,0.23756583053490363,0.3146723616406302
0.019288848142523168,0.011199815787592327,0.15098224770303736,0.4553114396151491,0.36321764875169804
0.3100821435138686,0.0549740904162632,0.3236039560414107,0.10551106556107052,0.20582874446738686
0.11599580148623817,0.3375563442048831,0.1157694982696379,0.006436491437046794,0.424241864602194
0.35680597843078843,0.032905886124329195,0.45600601162790727,0.0499627217008656,0.10431940211610949
0.2357092688466931,0.20967785530606842,0.20685618100996112,0.12873226775436036,0.21902442708291694
0.2435465688503192,0.1746484387349991,0.2082860478370538,0.2961058045023268,0.0774131400753011
0.009306059737930741,0.20623488383468125,0.16984626564217073,0.4335111539745099,0.18110163681070743
0.022867883065287784,0.04267190666702298,0.04204472918126823,0.17997748560974317,0.7124379954766779
0.18661948992438834,0.10054817546559744,0.306294783503507,0.269988067207818,0.1365494838986893
0.19281227191003894,0.1309810315330415,0.1390515009074075,0.11510450890213865,0.42205068674737334
0.21068132156068553,0.13951658434276198,0.14423708590242326,0.1947770183005169,0.3107879898936123
0.30380020870554736,0.20634729383484293,0.129270346279384,0.13156366315039028,0.2290184880298355
0.09573206724676607,0.010775258750785546,0.3686216092625587,0.36526930993878165,0.159601754801108
0.24304254837268824,0.22997302175833506,0.10413734106967384,0.08634372304657133,0.33650336575273154
0.25040882744287457,0.1769989282879933,0.018622739280082446,0.17542001576205693,0.3785494892269928
0.09091303776684778,0.3438783636948992,0.20682853181713176,0.2698563510966133,0.08852371562450784
0.08895394282966237,0.21943134359509192,0.16873821461339644,0.0015446496475762038,0.521331849314273
0.28819622794357685,0.006669113392895927,0.05272385620637671,0.2613754801617584,0.39103532229539206
0.2601262199156092,0.23880872767935718,0.13859654007344527,0.15359817574636694,0.20887033658522142
0.033111255219168904,0.14422058977296193,0.26937250352197056,0.24465349392088254,0.3086421575650161
0.21388074963163917,0.19434874443200917,0.09634632556743482,0.3714580259883004,0.12396615438061641
0.142589623360273,0.29247757306127276,0.3654044411131489,0.15341411276868352,0.04611424969662183
0.0959551010333967,0.4363327418566407,0.19730687098658037,0.13198464149453074,0.1384206446288515
0.12110669027302226,0.3682131117450312,0.3825882417985166,0.1004655289056362,0.02762642727779393
0.06994747535942093,0.3576627119535605,0.221259929234374,0.06468798946026398,0.2864418939923805
0.2582741281346711,0.08600474684803339,0.2209259808208658,0.055033714037362735,0.3797614301590669
0.19126231306642236,0.19275209040373353,0.009049769029031261,0.32028128612608425,0.28665454137472857
0.011685865406045985,0.28878080796805383,0.2779986105183331,0.03629555670199255,0.3852391594055746
0.0851515226900131,0.24010363337908308,0.27201357990051267,0.09864837053457871,0.3040828934958124
0.3458304319800016,0.004119078704119167,0.2730069560024582,0.12147164170458667,0.25557189160883437
0.11870510251971335,0.011277612394947052,0.182910434458041,0.37067782482414513,0.31642902580315346
0.02162042457008699,0.05232222933506307,0.4615432491989283,0.09926955568249765,0.365244541213424
0.18548427055621433,0.2580996003332017,0.0044287636424544434,0.1855020950048713,0.36648527046325824
0.2508203968161881,0.2631269586983354,0.17482083415878058,0.2508692382218954,0.060362572104800366
0.28906709979667755,0.16874270327963756,0.30528928778909586,0.18472286673490562,0.052178042399683364
0.07962847398182027,0.12312528541455264,0.3302929777318815,0.1958846291179153,0.27106863375383033
0.3364061896427649,0.1368209608802952,0.2501365507148883,0.17010840866321625,0.1065278900988352
0.3390065291956265,0.19414542722077155,0.25543695289620194,0.03449059701780484,0.1769204936695951
0.3621213693238206,0.2740909657020191,0.006696108596209888,0.08342407944988803,0.2736674769280624
0.12870364151634486,0.1962914726028345,0.15123813173419676,0.22633358711240553,0.2974331670342184
0.05637959186583068,0.1929650390567404,0.2793776871612122,0.26397279657485095,0.20730488534136585
0.09429531670606019,0.10967688567912855,0.3149320575587357,0.29566162618505704,0.18543411387101852
0.1989177615969114,0.18727382166884254,0.23981497801776686,0.11683105566053865,0.25716238305594047
0.08780035093178852,0.07937269611287202,0.061727677370683624,0.4017835082763478,0.3693157673083082
0.22079163083048303,0.19059908734784992,0.03783496856207131,0.23819972687984114,0.3125745863797546
0.28683364838627734,0.163216737362268,0.15872218335716745,0.23605085461646486,0.15517657627782241
0.020262001072210184,0.3967888075224667,0.24895337623285704,0.31369269759334817,0.020303117579117833
0.03007695430665194,0.1415052018466007,0.2797869382278652,0.13388615335834217,0.41474475226054
0.20433561228844382,0.06364664387606118,0.08245880105754634,0.3435220884303866,0.306036854347562
0.13532595525665997,0.15938282739632492,0.1952043918698641,0.20094342433377707,0.3091434011433739
0.4458045343371145,0.110097638549239,0.19085637389385143,0.1774340101439216,0.07580744307587353
0.09381895197723389,0.2766047127297027,0.32925681300066323,0.22468801277668488,0.07563150951571528
0.35577552396322626,0.21742648506622134,0.10785780396228997,0.1926528115359362,0.12628737547232613
0.06722377552038865,0.1234651827655289,0.09529102407373954,0.3217142755068281,0.39230574213351477
0.30992586113534654,0.30205517738107873,0.18870819498456276,0.047733820504670836,0.15157694599434116
0.1377701275546246,0.12604733586692948,0.08070859714754956,0.41258113952124303,0.24289279990965332
0.3540750015102,0.11834481004573337,0.32906232556449566,0.13046015958560964,0.06805770329396142
0.03925258040956462,0.34664950182193305,0.2508251307787519,0.09034259473136029,0.2729301922583901
0.17776354852013432,0.2963335182806885,0.13130195284481247,0.17543170405903064,0.21916927629533398
0.11442650241101726,0.10771012674432301,0.10730819413482018,0.4851149399293588,0.1854402367804808
0.01481841291058689,0.072150841293504,0.36435384365793777,0.20497872372877066,0.3436981784092005
0.2968147483564049,0.27503007318581707,0.31740352922929743,0.09315270866942942,0.017598940559050976
0.17534832475114762,0.07852704986725847,0.22613741229746007,0.3209829682610924,0.19900424482304152
0.10215014054200251,0.38590256289577096,0.10013127497733519,0.24230616229426633,0.1695098592906251
0.1650636847592078,0.3250665504461535,0.07539030538991008,0.30162505411509494,0.13285440528963363
0.25516421273650464,0.19788524906457225,0.1102451540738794,0.32977221341091434,0.10693317071412942
0.04369623764995164,0.20309142159653126,0.27169452645368786,0.39918143383306287,0.08233638046676636
0.08733238502654336,0.3170121571257967,0.15551576483347546,0.0432390216203521,0.39690067139383217
0.07309087370536707,0.0015637524248362069,0.03140572472961617,0.4719315986539493,0.42200805048623136
0.23103883388672836,0.2499276819028029,0.30245099625415656,0.2074493635269434,0.009133124429368925
0.05403842944946397,0.318682400946496,0.17224668793806577,0.2847625861540081,0.17026989551196597
0.08903174884999626,0.0955140864765151,0.36350609590196137,0.11372383567307054,0.33822423309845656
0.20387671031468016,0.345771916723117,0.312087648787013,0.03335724907785396,0.1049064750973359
0.05569017470784374,0.19706287050494223,0.4412332324800826,0.03853935463504623,0.2674743676720852
0.18946239837962658,0.038605190719150945,0.2865841097185632,0.2695640255790571,0.21578427560360214
0.025123609562202172,0.18242948506817128,0.6081749898616702,0.1376450286755105,0.046626886832445924
0.13924941691051054,0.15801150970331893,0.37994732325775216,0.2510868260031891,0.07170492412522943
0.06375232853097126,0.16550290237803197,0.19526745089115916,0.5739374846179582,0.0015398335818793628
0.03232740317030577,0.4942435956741591,0.07343247540663404,0.15849643354512458,0.24150009220377652
0.24503875917292156,0.36624040304756106,0.05288430291688601,0.05278678292062,0.2830497519420115
0.2880302693849036,0.2294815191904254,0.18840909249216786,0.05121471709144527,0.24286440184105784
0.11711165042907686,0.3088627350865255,0.1747942403458983,0.27700077685752206,0.12223059728097739
0.2048930104360091,0.0010067972071935284,0.09093480537407435,0.1012180598965113,0.6019473270862118
0.3145018561446339,0.11188258707137244,0.17095871925996647,0.29387475198761753,0.10878208553640975
0.29727026882906754,0.24322710592498414,0.04104422781145565,0.1801729046148406,0.23828549281965206
0.24954386364072215,0.05204639649133167,0.15582280056662384,0.16981755499692555,0.3727693843043968
0.16547143086162353,0.0734976476799653,0.37802571284671826,0.029797119217336743,0.35320808939435605
0.24576777159068594,0.08207253560719775,0.0054199339823846615,0.35181235068217276,0.3149274081375589
0.008407412649754567,0.1831264867335723,0.27100492690275235,0.3170440140461725,0.22041715966774827
0.04211658481163393,0.3459753545492323,0.17047105251157704,0.00012411892342403092,0.44131288920413253
0.161593799912462,0.015920755047242666,0.24238071752516646,0.264498737918345,0.31560598959678393
0.13340983507028065,0.20628236181979587,0.33350951593994793,0.2872374738793769,0.03956081329059856
0.13823537715271533,0.4001053836816714,0.1013750738747236,0.3430632715714533,0.017220893719436137
0.07522676110061571,0.1592869006821797,0.15493803010014154,0.2391565486779936,0.3713917594390694
0.3002071034204823,0.3020706866306441,0.014533766007951792,0.2769894674855895,0.10619897645533229
0.2682185475209405,0.3218861778027283,0.0004070210390273919,0.3599432264034951,0.04954502723380878
0.028651658497414783,0.23732794434374213,0.15394617781562303,0.3310490374956984,0.24902518184752173
0.037939476614559126,0.482920702077588,0.03737932738329245,0.09171563676177025,0.3500448571627902
0.1632705206965024,0.20022460794471655,0.20472362570965705,0.33889812387247387,0.09288312177665024
0.29199151040867605,0.10655157695224807,0.07449291160596122,0.3206717708891022,0.20629223014401235
0.2672784754348355,0.21305002609541276,0.23385552658463218,0.1690356927629411,0.11678027912217842
0.11027770437063925,0.012673497944250801,0.002683758780990254,0.45541844058170955,0.41894659832241016
0.21649833574780813,0.21128174443467176,0.059966687106407617,0.16765851755712702,0.34459471515398543
0.22303433138053141,0.22636135875474483,0.24037375075352962,0.08385223672340907,0.226378322387785
0.10419343000946212,0.013952012846854217,0.1132484135177771,0.2643093783883856,0.504296765237521
0.21668163959851616,0.22387277877609768,0.21990508874975123,0.20656743118112791,0.13297306169450696
0.2164929102720865,0.08121836121232934,0.22481963290483525,0.24840216920410757,0.22906692640664128
0.023856019024230672,0.4061649717164814,0.44203807349326857,0.0015167306636061405,0.12642420510241312
0.2639052154662726,0.19439262392201925,0.3070626715350411,0.11274829818523954,0.12189119089142739
0.2698739670064294,0.019617736407948384,0.29551173145612747,0.12749318665256604,0.2875033784769287
0.35519943868014014,0.09564278622914123,0.2985321251646825,0.1764479888255798,0.07417766110045645
0.2719800191649786,0.3521866215652372,0.012789459881392816,0.11555840399080167,0.24748549539758952
0.20792907239509442,0.011182049088011691,0.20673070849680406,0.25398581399140296,0.320172356028687
0.05742467180875499,0.07729667453002419,0.3615418620768741,0.11389108926849073,0.389845702315856
0.3920631405486501,0.31557464742626073,0.11060148328498354,0.1420303120412497,0.03973041669885589
0.15982987330700313,0.4509671448457244,0.04933492911530148,0.2008942259878527,0.1389738267441183
0.23338315617918232,0.07502183418432645,0.3142493173325447,0.30153991887829956,0.07580577342564696
0.3272373927360253,0.10409513506329675,0.15161100149793494,0.30208046676907163,0.11497600393367136
0.2136881300202244,0.011319448163082087,0.29996774096279344,0.25624472314415825,0.21877995770974196
0.06374441633791768,0.04561542764823787,0.19969991304242307,0.08414703373845253,0.6067932092329689
0.3027500966110483,0.18346099327113394,0.1667691068872033,0.21931247896784425,0.12770732426277015
0.11771847864825954,0.31645178395001194,0.17531784677540882,0.022238714814441545,0.3682731758118782
0.32565884101443343,0.007290795370011672,0.13826204349192814,0.2857422113862561,0.24304610873737065
0.3453275057312061,0.018862854170851137,0.31615330905251754,0.2463422687334773,0.07331406231194793
0.3039645399247414,0.29114180232312437,0.2186313418054299,0.006120612411454002,0.18014170353525039
0.18375726388997551,0.1264237892966112,0.2606521668538673,0.11888839364981833,0.3102783863097277
0.10319879168596618,0.10408666716307727,0.17026449157346885,0.301187014612056,0.3212630349654318
0.23296831694423334,0.06309498203412502,0.42511415186522805,0.18347225711818754,0.09535029203822609
0.38184660130306275,0.1795491168808834,0.28019219992152306,0.06064422574369803,0.09776785615083254
0.18354917332941972,0.21763667455416844,0.19788517254622195,0.22982741946416102,0.17110156010602878
0.38605850406945336,0.06134879442844121,0.1964074400206702,0.1258014475638864,0.23038381391754892
0.1679183953931417,0.3520430840074052,0.07261261997522755,0.23429465506750732,0.17313124555671816
0.23269643262007342,0.16122332138135204,0.11395294180983366,0.21769163099511216,0.2744356731936287
0.22573054281124127,0.22382763990726792,0.045774272720647456,0.1866419929983253,0.31802555156251794
0.3228857324521522,0.23298574236335723,0.04893618180503404,0.087630988887156,0.30756135449230065
0.2061968799701591,0.058887951114497517,0.26822959378993233,0.36477691715905325,0.10190865796635776
0.26829921364839143,0.21372095764808532,0.19695507248751165,0.12489883601644056,0.196125920199571
0.15223323283185655,0.2813047893191251,0.27266479969498414,0.0872278001883144,0.2065693779657197
0.0060291540375645835,0.16897026698722137,0.34139462324597725,0.23241046854746472,0.2511954871817721
0.18521811319813894,0.24134713813934036,0.23965426039466642,0.10208845151715358,0.23169203675070071
0.2951710061860067,0.15189137742294848,0.16895321985005987,0.11126901688594501,0.27271537965504
0.18655572917497323,0.26058629724924187,0.14982042934447254,0.08695239173978343,0.316085152491529
0.21635890828962986,0.2270858321705526,0.10670818168971506,0.2394175842507483,0.21042949359935412
0.3663206728359662,0.02222307268905649,0.33954926205674035,0.118857440800397,0.15304955161783987
0.2974885840484587,0.31140858760428186,0.19655138916920042,0.18928220009853225,0.005269239079526755
0.1454918171671186,0.2249240002087967,0.22180075370810565,0.300501767123627,0.10728166179235217
0.23849510975495675,0.27540124636601626,0.2168328002366438,0.14534006253530735,0.12393078110707598
0.04372747096936302,0.2770461172346871,0.3495489703137335,0.03960083811490255,0.2900766033673139
0.2161579230608948,0.2301795731875244,0.25025325255825126,0.22261912408713838,0.08079012710619117
0.21263231926260667,0.2047514541782385,0.05285790169952144,0.4047637397514465,0.12499458510818681
0.08968560977588068,0.18270055555047202,0.23006508124674707,0.11917119008279119,0.37837756334410905
0.293311489470553,0.04335459502522806,0.01443545521930798,0.2756251851613723,0.3732732751235387
0.15086786300890248,0.37270974491846764,0.0878857339286301,0.32030034733672763,0.06823631080727227
0.11456394893012169,0.2608929543558882,0.27821788790969293,0.1680593554374453,0.17826585336685186
0.27337913853064605,0.0702736823684306,0.23687936718216707,0.2065095089758015,0.21295830294295492
0.15670202090810798,0.10144969591405702,0.019868796308861864,0.40270273647673543,0.3192767503922378
0.2572954174860705,0.3308169221244852,0.04474617732949937,0.13746937929604175,0.2296721037639032
0.28595138540323284,0.20831669938531316,0.030938144046591034,0.15923715225963583,0.31555661890522707
0.4560661689006373,0.33886665285090956,0.012166312257283705,0.05808860311442771,0.13481226287674178
0.2517196322387585,0.12486257687467953,0.010695895955912424,0.47419023113204256,0.13853166379860699
0.12315674532032646,0.1391968765557332,0.3142799060553391,0.10170386834478477,0.32166260372381644
0.016028686235895654,0.2826974150436922,0.2417088671501306,0.2671204685042565,0.19244456306602514
0.22255044495954693,0.18348521684012276,0.2175214113877938,0.1097179168223962,0.2667250099901403
0.46998445789375753,0.19751013301764553,0.17381073718657605,0.11005365803896537,0.048641013863055485
0.18360672211028775,0.19311411287271532,0.22535641787446828,0.09698290731670853,0.3009398398258201
0.393152019975841,0.10444989610610662,0.2811289083636642,0.19448609918755452,0.026783076366833625
0.21302263277475084,0.20253632258707957,0.10027721539272735,0.06458718014568587,0.4195766490997564
0.2136559084826253,0.2117333238676563,0.2280781045126533,0.1423617425255159,0.20417092061154915
0.01020064905997438,0.17924213845148793,0.16641480781239845,0.2749722100760754,0.3691701946000638
0.013879953564150942,0.24805110906580533,0.2471554278800991,0.25260581461086085,0.23830769487908382
0.012887038673775152,0.09563525860335151,0.07041411640241743,0.36050082198319233,0.4605627643372636
0.2155828571294837,0.27003423503163226,0.17294291663815434,0.08312871566521064,0.25831127553551897
0.08629577398361221,0.15327551887650295,0.3508382878434812,0.1930895275646075,0.21650089173179624
0.1430121602243128,0.2794548633808108,0.09375405933503955,0.24239962558461772,0.24137929147521917
0.4079357925179054,0.01613345224335522,0.03217232769974577,0.40701465619906746,0.13674377133992602
0.09193274415041269,0.26826559146193296,0.2584924216016989,0.047472954996867205,0.3338362877890883
0.12885155788890854,0.1751977240542679,0.28252211213819295,0.14458722709845112,0.26884137882017956
0.3146317283111748,0.14417164448722739,0.11569594213474489,0.32745490313857767,0.09804578192827518
0.24533480503814253,0.18382982068929482,0.16686282287864362,0.2607669364953697,0.14320561489854947
0.26696321572505466,0.18772506682113985,0.05380661773535305,0.2472098167928887,0.2442952829255637
0.08498858469330706,0.35976014912860926,0.22567039967393016,0.2485309553739364,0.08104991113021714
0.24179936146873307,0.2915666977384605,0.17897614648536014,0.2639631470693156,0.023694647238130695
0.08762906993255246,0.042400364060037055,0.2521047009303096,0.30186653456649576,0.3159993305106051
0.22047667569692353,0.24356023756252176,0.06250881128217617,0.18529291166301765,0.2881613637953607
0.10508363964510703,0.25770382080743665,0.08531530529265621,0.31250712111795353,0.23939011313684644
0.23987095471452738,0.2297492298304065,0.032869614782537776,0.2756000924732247,0.22191010819930362
0.1042642826078648,0.09570726972059213,0.3554549145370925,0.3801136340204274,0.06445989911402311
0.21822435256130582,0.08868850590321872,0.5281144989257174,0.14599609199009866,0.018976550619659444
0.24343412417220459,0.10536508847552985,0.21044189477600936,0.2596025314484948,0.1811563611277613
0.2848875038149004,0.19073064925969882,0.17867578503203443,0.09294262955129429,0.25276343234207205
0.20240638112534745,0.015496429981390274,0.24652294681245407,0.18369091603271925,0.3518833260480888
0.2723501497005681,0.36565002619895187,0.06982912208023599,0.09370764065534785,0.1984630613648962
0.1640321483447835,0.2485899573461732,0.0630500663322003,0.4647061268027734,0.05962170117406965
0.253183393903132,0.16774945560043056,0.11034904611028636,0.21085311044408991,0.25786499394206114
0.2991425812054902,0.20110230328911458,0.1679700439101583,0.07150937187596366,0.26027569971927333
0.5128867622050115,0.006468909153574573,0.2928307284271142,0.055358341453820896,0.1324552587604787
0.10332358112889688,0.29092509857073817,0.2827499286047102,0.0767790824770295,0.24622230921862517
0.1473921455172428,0.14739127321653053,0.24565106545288104,0.25539930569026803,0.20416621012307754
0.2161090092654278,0.0335792022292452,0.2077166615943577,0.2329058387132569,0.30968928819771224
0.17128813946293667,0.4080202724735733,0.05183716647013701,0.05119576209134733,0.3176586595020057
0.03329865844109191,0.26294168727566364,0.07889477849274587,0.27382999145899434,0.3510348843315042
0.2518170449788621,0.17654029861124423,0.26486672122494787,0.30573950214356144,0.0010364330413842736
0.2680131899313223,0.03530882706479861,0.3418021949730493,0.025499219470814884,0.3293765685600149
0.33803263680062773,0.23168680725852028,0.02286206300777758,0.18673863145810762,0.2206798614749668
0.04593663660312851,0.28776464771670807,0.2405314066358379,0.16684346567562572,0.25892384336869984
0.07473261006979118,0.22347537203866202,0.2022746302195351,0.14103827957817677,0.3584791080938349
0.027419609094017035,0.13149266738229864,0.04512894604802222,0.4471718523472214,0.34878692512844073
0.13694953076660932,0.2901963949302151,0.19290735756863622,0.25134978070725716,0.12859693602728214
0.21561742540794615,0.33663922095512305,0.10542922159858806,0.09135066982936078,0.25096346220898175
0.1994275001792975,0.3033653854273687,0.17902473534265528,0.11256806718590168,0.20561431186477694
0.21932567855205568,0.31615826089625215,0.19440458486203455,0.07034501944561417,0.1997664562440436
0.3388663330035992,0.11801394471256432,0.34966512587756815,0.16957366662552073,0.023880929780747427
0.06252529777138995,0.23514630894031222,0.2640108285722326,0.26252091918193865,0.17579664553412663
0.2519900693252792,0.07013306023182576,0.26407699125303175,0.32247993268618763,0.09131994650367573
0.2404991292988285,0.2805508411747752,0.06951142232395581,0.17968856749261586,0.22975003970982472
0.12185872206361957,0.16981623745561397,0.2852421423098364,0.22208473307442556,0.20099816509650448
0.3755298370937787,0.16463933476297726,0.37418564680172367,0.06057477858539985,0.025070402756120585
0.1457337464671555,0.6192660954349144,0.005009190498421042,0.08101119467306041,0.14897977292644865
0.16578605878512598,0.14335518640083675,0.27803558670724304,0.1378663131252851,0.27495685498150907
0.29593148694057453,0.19796107106485258,0.07355750243369183,0.20087841432494402,0.2316715252359369
0.18895350308603465,0.36682518124293156,0.04050757450737341,0.25104216791075035,0.15267157325291003
0.41936713477120285,0.09202408713798356,0.039737664040414636,0.02232340297887039,0.42654771107152867
0.2648155787820969,0.0401486369115414,0.20199378021946252,0.25771492460954537,0.23532707947735387
0.07886592171350357,0.03848641986762374,0.26232185282252135,0.32836869305320154,0.2919571125431499
0.027171118936827426,0.09827953012929724,0.17910990863062526,0.22101841634496663,0.4744210259582834
0.3705915005556375,0.023149677338072175,0.12578974004918117,0.11033400140489263,0.3701350806522164
0.06367097084411834,0.2786134117523882,0.20051418333397847,0.22119467500096435,0.23600675906855068
0.2532962816955453,0.20679026657719066,0.08131978383947644,0.23159868862521515,0.2269949792625725
0.0567910990625529,0.05165372280356904,0.17218886585388532,0.3781294627676574,0.3412368495123353
0.2731334712705951,0.21021483379866512,0.15800451019189546,0.18670393015721715,0.1719432545816272
0.3441020689421145,0.3629680604954696,0.07180275152751184,0.03954386104317921,0.18158325799172512
0.29890622830140406,0.28423710831386934,0.2527266765573403,0.13716426101625784,0.02696572581112849
0.018371006824303433,0.5627932118046811,0.027276075916226612,0.3266337291238267,0.06492597633096218
0.26427834211624646,0.28140442604161897,0.014178141892358161,0.1410425177670106,0.2990965721827658
0.3291937206763519,0.09317294633963356,0.3911917478713677,0.027335092331021747,0.15910649278162517
0.3891669150500941,0.05486260146619812,0.3192626988488119,0.13072412526981367,0.10598365936508221
0.3166815541326522,0.03703404167072351,0.11864898753151842,0.16250923955675003,0.3651261771083557
0.2713025230682701,0.09093309682819409,0.12146371694243707,0.40340315544547944,0.11289750771561943
0.2318005443791265,0.16794293398123708,0.16804204449204765,0.03408306923251165,0.39813140791507723
0.24991029043637303,0.25805181120643045,0.0991225107363603,0.2130063339699822,0.17990905365085402
0.11250715898000008,0.008016870286210514,0.20610279106337118,0.1842989980516084,0.4890741816188097
0.15909105040816476,0.11850222670843832,0.20533509020688043,0.3508071895237247,0.16626444315279193
0.06717479186103799,0.04727114947531107,0.39555822745230323,0.13385444158168439,0.35614138962966335
0.21864203717668407,0.06859805796716868,0.0619254951387303,0.09732315024285026,0.5535112594745668
0.16358947095509724,0.3525704711595874,0.34841693154568526,0.08517816986741918,0.05024495647221096
0.11109490926752565,0.23347076466269087,0.1635347355999908,0.2794090014860248,0.21249058898376794
0.14947350665948136,0.11927727364589477,0.25630633570294453,0.12293751298893013,0.3520053710027492
0.20958431819118292,0.19422635388670126,0.264828807729726,0.2257481541943509,0.10561236599803901
0.14152614290663124,0.15257754631291262,0.17172060067726322,0.28579775911645655,0.24837795098673646
0.15385367892462362,0.15562324218687593,0.28897951638294556,0.1612254012461781,0.2403181612593768
0.21360601293421125,0.05073629234704001,0.23830716729797513,0.262088311498946,0.23526221592182753
0.10854022140112875,0.3096890695636931,0.05482143900671442,0.24675182336079363,0.2801974466676701
0.16468441493181,0.24162362063918624,0.11863493003386787,0.3458885334732299,0.12916850092190604
0.20081137555801828,0.30471228519180904,0.2497207316382149,0.07158203203693643,0.17317357557502133
0.13200582889896542,0.30760818233856535,0.06441784243404795,0.3061682010113478,0.1897999453170734
0.06590846786630437,0.251631358189304,0.4469732083547021,0.0770285317029913,0.1584584338866983
0.4468706817103475,0.06852144326868027,0.13236118119377907,0.03013504867588212,0.3221116451513112
0.259145095590861,0.28544803247127365,0.2754487128000421,0.1668413875650703,0.013116771572753035
0.08846263425885398,0.3211312620194806,0.04266742432693895,0.4907834874690247,0.05695519192570175
0.15689641196259743,0.023933652142208016,0.39586639400814516,0.39905895964566374,0.024244582241385582
0.21936107072060562,0.08509436670909766,0.26956789269997755,0.14538321341264807,0.28059345645767103
0.17489108981384263,0.1130646684638282,0.09128337533830436,0.26177408036238076,0.3589867860216441
0.32231093301845537,0.13351521700128427,0.25156521753462435,0.056916692142056156,0.23569194030357996
0.01375418202067101,0.24372235916762733,0.23349268081223748,0.19295607152986854,0.3160747064695956
0.1950816024506417,0.27839588591803266,0.2455787302359537,0.18686352116799676,0.09408026022737527
0.2125297250052591,0.21386660349142678,0.1960810223869729,0.23146889194116774,0.1460537571751735
0.23387643953615372,0.177517891953312,0.10040297792519338,0.24277504264113847,0.2454276479442024
0.2739819235222426,0.2543812186460391,0.28679789150188156,0.08864150554605223,0.09619746078378447
0.1894360301301413,0.05004661878224454,0.19669290191294664,0.2932468030404917,0.2705776461341759
0.14343830231190519,0.16855097174449452,0.4139290312177547,0.004206885433540899,0.2698748092923047
0.08337471194160882,0.25028693348587966,0.1506706930124035,0.2008949954187815,0.3147726661413263
0.3886559717001635,0.05225470930813342,0.10084089420610243,0.03423772757948114,0.4240106972061195
0.006500203624913219,0.4357267998059979,0.0001698643056740604,0.14347708421562888,0.4141260480477859
0.09782581994447669,0.16879459725786627,0.2282127747873472,0.1703214097909869,0.3348453982193231
0.17912168532128692,0.13669871016717952,0.167412508261258,0.2707423505909562,0.24602474565931925
0.12438498148590982,0.44496034716585636,0.060205609490611926,0.3055757532685181,0.06487330858910366
0.0022258117993578675,0.38225061843780533,0.3641817736695727,0.23002601245371337,0.021315783639550567
0.32698773150715976,0.16703131456012646,0.20192172514114284,0.04065893485502215,0.26340029393654874
0.2675938711748033,0.31235240006701837,0.09417575986300172,0.03904181171019704,0.28683615718497957
0.21137930609309794,0.3599248180996658,0.028761043664598626,0.16023909320698365,0.23969573893565405
0.3124888875074663,0.030686521076902833,0.1386465273082683,0.2486181968105922,0.26955986729677045
0.2731889842169544,0.11343616379972749,0.14256339609008287,0.33107386979238523,0.1397375861008499
0.00382549705113086,0.5030536088025471,0.1018778318551388,0.3869050429851706,0.004338019306012675
0.004537394297741139,0.4776987942783571,0.04477499781457858,0.3843775455506194,0.08861126805870377
0.0780726978481012,0.19377414239196472,0.20584936317937133,0.2008827216011615,0.3214210749794013
0.31298685185222386,0.3681849282506115,0.011333434445918049,0.2399135199153695,0.06758126553587702
0.15555294982261333,0.09012464251201546,0.0634125345813818,0.39978304243655977,0.2911268306474296
0.2422893752434441,0.017713723154487743,0.2658396239083608,0.2504216336524186,0.22373564404128882
0.12407484478468642,0.2893927191356675,0.12124511856221218,0.031085041372805287,0.43420227614462875
0.2753277856578015,0.18104919637247516,0.08930163872694195,0.2506079784069097,0.20371340083587183
0.05337437383269186,0.009475692438257272,0.48154031552166815,0.029702297524676083,0.42590732068270676
0.3378250935382644,0.31022864035046077,0.17141457191625672,0.12969456214016245,0.050837132054855516
0.15953484341151866,0.2524239599773266,0.150882251012739,0.08243706489715798,0.3547218807012579
0.0519442339939525,0.226998211703845,0.23848136945922915,0.346373721887352,0.13620246295562127
0.14743975028387954,0.2698206716304933,0.11246013738906223,0.3525372514564175,0.1177421892401474
0.05130632225740786,0.4498539679203935,0.2145689038890159,0.24670213215784464,0.03756867377533815
0.14577349155737185,0.04656362957116543,0.2695906272886639,0.3131356680062713,0.22493658357652746
0.18608367821230887,0.15142030485065863,0.2401857463881681,0.23072765131646064,0.1915826192324037
0.34716365563025264,0.22038928373434172,0.05604595082545339,0.33677259175277546,0.03962851805717698
0.3272794941206733,0.04325625900334649,0.2705668109902766,0.18572278564185918,0.17317465024384443
0.25802829748369527,0.12936279601627967,0.3263915081766024,0.12482273061392582,0.16139466770949693
0.11169761280457105,0.30084472825830116,0.2830330740395105,0.16043486901408996,0.14398971588352724
0.14323248179977366,0.3490171585830068,0.1505865631379148,0.27029566930302606,0.08686812717627881
0.002290720571717915,0.20857713326178198,0.20579224223506726,0.33414335356824737,0.24919655036318542
0.32231426870924784,0.12343262694493896,0.1963096279416929,0.2255507366595908,0.13239273974452956
0.10898104559059466,0.27502940823365896,0.06795579199306968,0.2999916854521328,0.2480420687305439
0.3986661550575993,0.1647243124998961,0.25772570422218416,0.07561062244322699,0.10327320577709342
0.37758439697782076,0.16991555863227864,0.020679454570783136,0.32470701497591414,0.10711357484320333
0.1859176130276868,0.026879582409182364,0.39672991227733206,0.1630450254437343,0.2274278668420646
0.08690543163248915,0.1981906327664453,0.258111672187072,0.29738516269283977,0.15940710072115385
0.2750180165025583,0.31291959151953785,0.04276022717188451,0.06477856366041862,0.3045236011456008
0.06196210932677353,0.02380671977415567,0.24782421668997018,0.3455731212576191,0.3208338329514815
0.016801399515392255,0.29814444408305446,0.15785787817508892,0.2433090430216857,0.2838872352047787
0.20460367629210288,0.056997086192101816,0.1497541543815292,0.32144903484935244,0.26719604828491367
0.12302359851625137,0.3237029365739059,0.06921616245928701,0.31651818900363005,0.16753911344692565
0.3998519846560882,0.16682382065430898,0.10353827678512742,0.004022270238503199,0.3257636476659721
0.082450967419311,0.29167378135557004,0.1499624867004494,0.3032306453989807,0.17268211912568887
0.03207437776083679,0.29403932802724125,0.27774429916883697,0.08411598702674156,0.3120260080163434
0.007492758874003082,0.2334092650374509,0.0869912181215612,0.30075558929426754,0.3713511686727174
0.21349785119245926,0.464635793116711,0.07016434104423529,0.2193437544976988,0.03235826014889571
0.18919776251451173,0.003996884154666783,0.3977300747004288,0.2944217518179144,0.11465352681247833
0.28138283429886385,0.26236617769512266,0.3367518341512593,0.10703054248495238,0.012468611369801649
0.006770075431880383,0.25229562145412093,0.14104107573778168,0.3330407762567159,0.26685245111950096
0.2554620528223964,0.2323815501452054,0.2521061394259307,0.23562074712682152,0.02442951047964598
0.12574731283943516,0.17851147940644493,0.2664933301013677,0.15636314435535392,0.27288473329739826
0.12828517932194952,0.2937108516266013,0.09273256789404953,0.2937044013786892,0.19156699977871045
0.30136952144900636,0.04833707903595435,0.1803051573350402,0.17746120622407854,0.2925270359559207
0.2126629807005565,0.17908521846655148,0.18823221584864305,0.24498023573086938,0.17503934925337958
0.18220947573305243,0.08291646305962337,0.24143485251166258,0.08546299969031194,0.4079762090053496
0.2837127526060186,0.08556725063134987,0.27210439784519275,0.2776861984483172,0.08092940046912152
0.1896557883338781,0.3262646262156983,0.09075745862311296,0.07779328018553096,0.31552884664177966
0.24873979727084958,0.05322680484807641,0.22030213450651814,0.27956711816197666,0.19816414521257922
0.1574445075209417,0.24796850441066834,0.14368681816216505,0.20844867366829867,0.24245149623792622
0.29198344865031295,0.1356967721175855,0.2981034419206226,0.18846705447794362,0.0857492828335352
0.21807673063680919,0.19699605973019982,0.37899257808023235,0.09576277008620755,0.11017186146655118
0.0141919604684263,0.364659759762177,0.4301415396248949,0.1257757112330004,0.06523102891150133
0.03777592565274383,0.21337489562788078,0.3032491340562286,0.23099632034278136,0.21460372432036542
0.07918545362426309,0.03796638132694339,0.013123249695568122,0.3900131484476645,0.479711766905561
0.2890239475181548,0.10202840603693229,0.3421406553488195,0.020950594785349937,0.2458563963107435
0.16582618868831156,0.28213825810710713,0.20908459889940922,0.13637503252540675,0.20657592177976528
0.1816215843573837,0.2267168791622891,0.2538842346415345,0.10196640833624969,0.23581089350254303
0.27087795000302306,0.3123110884790364,0.06708465015626863,0.20709058807358008,0.14263572328809176
0.013167441036939292,0.3319883731048061,0.33751428241218373,0.03410280095527385,0.2832271024907969
0.07161078706217483,0.027850321393349795,0.29696839065577946,0.36092735821899263,0.2426431426697033
0.31412396150612487,0.2236956299072284,0.12652350781306193,0.009982999303974869,0.3256739014696099
0.4324811564957874,0.052455128520104706,0.16573430080332088,0.007458195184711262,0.34187121899607575
0.22794123119850368,0.04246219551145933,0.34771937199016717,0.2971514199532014,0.08472578134666844
0.07461688922068278,0.10478261122361403,0.22783636966548665,0.0555382205861345,0.537225909304082
0.5416494626518197,0.12003145860318795,0.039574727064120845,0.03774631126401985,0.26099804041685176
0.1426778378932897,0.2472904611595253,0.16051742260006643,0.20774621654190134,0.2417680618052172
0.31699483937464473,0.06836334790919224,0.00710236177471027,0.26167041818800185,0.34586903275345077
0.09643014317839523,0.3459297036806893,0.08094509230310629,0.10686977776981463,0.36982528306799456
0.025245809105460655,0.45415254885503664,0.19151478193716054,0.17518297492851992,0.15390388517382217
0.18675241115754465,0.23843441256064524,0.08551528853006705,0.3751000195748735,0.11419786817686955
0.19097161568417695,0.21261212062959137,0.20928342268402406,0.20519866596694752,0.18193417503526021
0.24750844205533168,0.19150790869581863,0.03638331327678434,0.26537990701137465,0.2592204289606906
0.23036875284701772,0.30430414638393855,0.16938281612660203,0.008420205553155258,0.2875240790892864
0.23231580287732698,0.11672859761836647,0.27495106919421425,0.3454005852780649,0.030603945032027388
0.08856345503635424,0.4092850676722148,0.04936340542338059,0.20072961125351585,0.2520584606145346
0.024685354014630633,0.306976322276723,0.17028033665409417,0.2017092236504476,0.29634876340410465
0.14291151600190186,0.23844806582429043,0.23793497097149013,0.15991195130329738,0.22079349589902014
0.21480071527606578,0.22839008868726351,0.2639059550640173,0.1869236087313218,0.10597963224133157
0.15472945983401376,0.2992390398806779,0.13238526829677133,0.3304830740108521,0.08316315797768498
0.09990181651665088,0.02651145561407846,0.6113148067635292,0.20921858910963034,0.05305333199611107
0.2124414687995644,0.29560071277312877,0.02362716035543516,0.14379095420419227,0.32453970386767944
0.11515904277576357,0.17254248741280237,0.26668512919473036,0.3639952422639815,0.08161809835272207
0.36246219419742337,0.05073255490247446,0.2954891198230804,0.01327250992321146,0.27804362115381026
0.08110495133016332,0.14693123191515306,0.37431342031257814,0.09735583869152117,0.30029455775058433
0.3411524365650019,0.21376917454881603,0.12313048369662966,0.22838510022395872,0.09356280496559363
0.222831499080681,0.1228513335818426,0.08656654564290933,0.31591231378454876,0.2518383079100184
0.15179534938026748,0.21516602004843338,0.15248216110989524,0.3195881672529452,0.16096830220845867
0.3349519475360451,0.060048250642002636,0.3618478590261912,0.1204610443874638,0.12269089840829712
0.2935076784422206,0.1405723304961962,0.37284040956874187,0.11799570737617943,0.07508387411666197
0.20792194085915575,0.21028975874335917,0.25363891279774986,0.17767865119006698,0.15047073640966824
0.1887544161429153,0.24265853462501139,0.09814562025688991,0.45279893530641185,0.017642493668771474
0.2717930988517902,0.32715061657627964,0.3204247599990223,0.02511771050272288,0.05551381407018497
0.2847071169213869,0.20772751494529632,0.21832943602103172,0.19484206042303343,0.09439387168925162
0.07584184081239699,0.24471326932031714,0.26563164648552007,0.10091553876920843,0.3128977046125574
0.11167519003124739,0.03502442886189462,0.20744900394257312,0.31045988857037415,0.3353914885939107
0.1968462574719124,0.15434530538154312,0.35057810793911115,0.26977240973076383,0.02845791947666963
0.21279423526517197,0.1565701806482444,0.0853007174074284,0.4357031287639434,0.10963173791521183
0.333120819249979,0.0656453173211202,0.02562392256070809,0.18408136423152394,0.3915285766366687
0.159738302154437,0.17930926771776728,0.23482831986187108,0.2749071837752957,0.15121692649062904
0.013298860843128597,0.32502141428447695,0.3819298950761171,0.24583169991373235,0.03391812988254499
0.1019815613390635,0.35878813657437536,0.29626718433119703,0.156460832580763,0.08650228517460108
0.087532413343394,0.17487728294500596,0.20562207024695164,0.30293879860787926,0.22902943485676922
0.1391839942665119,0.5709019088433134,0.1218588801446986,0.16064299388568795,0.007412222859788059
0.018410411372061612,0.22824155967956491,0.3139007045659939,0.16859861239196078,0.2708487119904187
0.16597795255022485,0.11095552115493706,0.22669304880923233,0.13823196034069138,0.3581415171449144
0.2944069577140112,0.05715899011733456,0.13509548162768586,0.3821234923901882,0.13121507815078012
0.03130087164605148,0.6304615509836559,0.12605304118777444,0.10000675607830094,0.11217778010421724
0.25671836703346684,0.07448766132057899,0.005836063841501168,0.19574757209794189,0.46721033570651116
0.30845178538728035,0.21898190434301257,0.11899793974869,0.17876739265028066,0.1748009778707364
0.15195324477719901,0.22958313573763034,0.0940340158257501,0.2585691922003008,0.26586041145911976
0.14646214195849683,0.275586231825591,0.14641511914270458,0.20914867473960724,0.22238783233360035
0.044719891959963363,0.2905725435515098,0.16718060167120857,0.3304753328111449,0.16705163000617332
0.1963577753464888,0.14758053943803193,0.19733333349761176,0.2447780284846179,0.21395032323324967
0.276218608547018,0.3037812747662518,0.059210496937649286,0.1366674728235571,0.22412214692552376
0.32495943007898487,0.13399142223918112,0.315827248288606,0.07574857361149981,0.14947332578172812
0.2276222936434253,0.27014792640192503,0.19372795605531629,0.1248932345347328,0.18360858936460056
0.3002743587255381,0.2512157266991136,0.06153905346994267,0.23947377356392693,0.1474970875414786
0.31156138803099187,0.10080420724770274,0.08313640582943582,0.17197513673884396,0.3325228621530256
0.03668547001645752,0.2208434404721956,0.13115859782473427,0.3707890395772136,0.24052345210939918
0.13419572357852527,0.06603756898846726,0.28418356072264744,0.22738735487130074,0.2881957918390593
0.15671742625202248,0.1568143774781935,0.3340519131395498,0.13209362817204293,0.22032265495819145
0.2189121353673407,0.10927290835065699,0.2690468223044626,0.10903987130713402,0.2937282626704057
0.36844981687999256,0.054176141603485356,0.03737081482677848,0.28978332200038975,0.25021990468935384
0.08082964297862719,0.07155594816584082,0.5755661711261015,0.06528038748687952,0.20676785024255095
0.34199637902114066,0.1028083510763207,0.19699691701386857,0.19565008617013804,0.16254826671853206
0.3354910044184621,0.16150194898804168,0.41042896234494547,0.0017983635628714375,0.09077972068567919
0.03081486919908528,0.10790808268580955,0.4504202985021713,0.31059939104378326,0.10025735856915047
0.2156615863088333,0.232548045240296,0.1458124254231126,0.22005275923675285,0.18592518379100526
0.034727362514912624,0.034050368665467415,0.2630207335956466,0.372768598304841,0.29543293691913236
0.2956740891793775,0.29683061820856216,0.007949213183598586,0.20659632858541627,0.19294975084304547
0.047639104751079936,0.20713475288076222,0.2616905414356908,0.23254302110401778,0.2509925798284492
0.3304664132124142,0.1396806043384608,0.08712584969641386,0.24720315513309898,0.19552397761961215
0.25794927220393926,0.18478304448103305,0.05654266842653748,0.2436897954379226,0.2570352194505677
0.3132460535448016,0.18200889121413236,0.17109658366472935,0.2773716246750862,0.05627684690125058
0.3613915656873503,0.0343821002480243,0.23117484880897943,0.03795542216484106,0.3350960630908048
0.2849189642098445,0.09424521419011049,0.2621620228927124,0.2137869479425251,0.14488685076480756
0.3068884543816783,0.13381104390255544,0.33083291841424095,0.09205138235278924,0.1364162009487361
0.29451842944677425,0.07386991787099727,0.1858765970511818,0.3220954182995264,0.12363963733152031
0.2640948512091998,0.2153485353369974,0.25363661663304243,0.012336060928405506,0.2545839358923549
0.0697858083803946,0.41435370136259014,0.04362142769725712,0.41264016509966484,0.05959889746009317
0.042344760835222435,0.31164851114922115,0.23748472298096363,0.22210542470764089,0.18641658032695183
0.1005312058317452,0.15130536237786996,0.37740755220783595,0.25467813885817664,0.11607774072437219
0.037819674083157805,0.361769603550918,0.4264176788814996,0.0879120932691837,0.08608095021524091
0.21611759632774705,0.21707064026728098,0.014381493592340151,0.28084354999392597,0.27158671981870597
0.11693883741944565,0.05224683918621393,0.18350167360295572,0.4265388333150426,0.2207738164763421
0.31645556233319105,0.28212995095821214,0.22641390970970032,0.010976567946623812,0.1640240090522726
0.329225760694155,0.018943145515706625,0.08054201891125908,0.35967915049934773,0.2116099243795316
0.22603451585354392,0.1807854038039978,0.01463385279470838,0.3578556284772032,0.22069059907054678
0.2317137563371704,0.2641970951352213,0.08297529902515954,0.2046449693615257,0.216468880140923
0.08001413329042457,0.3433984497683953,0.17464132769508572,0.2144933994187266,0.18745268982736765
0.2599233882462707,0.21180366461603892,0.14881671402012223,0.2591083967646537,0.12034783635291454
0.003972499336926236,0.3743525002636043,0.3292168009908585,0.07396942715504194,0.21848877225356883
0.12008631963200987,0.3676970626985151,0.12452821002966255,0.16063133685119887,0.22705707078861367
0.05345955902646883,0.07016729619818246,0.43105607544653635,0.280329087506371,0.16498798182244143
0.1831328051110565,0.319860093489856,0.2846615897053247,0.13304797817229605,0.07929753352146676
0.11559620785816042,0.2800056612748677,0.03317364844834029,0.3964833403185833,0.17474114210004826
0.007534332788436891,0.28774113674734125,0.3080029908757468,0.2470635658987133,0.1496579736897618
0.20053009548413475,0.22059504525037044,0.2246638438042998,0.15619631660823655,0.19801469885295842
0.22837182185151317,0.24887555867854386,0.29862380301355834,0.20721957411890968,0.016909242337474806
0.30356059241909206,0.2996402645487179,0.033620509064866404,0.1531351101331164,0.2100435238342072
0.1223130696456119,0.25590818418955025,0.21664773137950222,0.23974843545564326,0.1653825793296924
0.20760185470509224,0.32601259729032683,0.13229209334107536,0.07322223512515928,0.2608712195383463
0.2986527015122212,0.18924473446684678,0.0458695822688383,0.20662798147292832,0.25960500027916533
0.2610103909598937,0.08946335095600062,0.2938892269646674,0.3028276185875276,0.05280941253191056
0.29768765268839503,0.2828579465115426,0.037973092336796944,0.09839652155737529,0.2830847869058901
0.23325912798900347,0.07892051593717034,0.22763537964819772,0.16700452863840062,0.293180447787228
0.11830525685808906,0.21296623604071616,0.16503322800209463,0.17926762589981518,0.32442765319928496
0.1615725750195233,0.20873435165468612,0.18305269165199967,0.13571092645667193,0.310929455217119
0.19206594973331953,0.2606317792210812,0.24007817839635948,0.20460313792762197,0.10262095472161786
0.11314064926325036,0.4102999062682084,0.19405635395000234,0.06262201858978315,0.21988107192875583
0.23006483744430534,0.050408170892123766,0.2811077457054075,0.14790828622602425,0.2905109597321392
0.2958517553739724,0.2539558673601105,0.23652430748116793,0.056944617093147694,0.15672345269160157
0.10456399122883812,0.40680876005885985,0.0904802073848102,0.022858965079132116,0.3752880762483596
0.012302697916613639,0.3553770552426938,0.2812034217742306,0.1910876019438529,0.16002922312260917
0.09845223093700217,0.18728450262817933,0.12998900990601361,0.2969134540309672,0.2873608024978377
0.3093498102846595,0.29302505798465234,0.2129981956167985,0.17705188916337108,0.007575046950518448
0.2912530302325235,0.0019398686241898881,0.30678208340672314,0.3293754802277868,0.07064953750877663
0.10634391518762416,0.1431537821901267,0.34146324947616313,0.20607865324325672,0.20296039990282924
0.24788352888680076,0.0013634681761352226,0.14811672349755645,0.3338095478599309,0.26882673157957665
0.06465213625428237,0.33591119548091886,0.0019162332424778473,0.2613636819813085,0.33615675304101245
0.19940865125022605,0.20170862153786998,0.23771646712725258,0.19046009778752518,0.17070616229712626
0.041686365438631946,0.15118592483597937,0.2053032036612196,0.2863370335864686,0.3154874724777005
0.21186162848415463,0.21291220187682075,0.19890418040004887,0.12360930083101229,0.25271268840796346
0.12945485205748522,0.14402157866814277,0.2508256137313104,0.22131795295597378,0.2543800025870878
0.2062235595366758,0.21450032808707448,0.08124862217340434,0.4439123854090223,0.05411510479382318
0.4783093685418968,0.009645479549844484,0.04581011471479192,0.056324868450586804,0.4099101687428799
0.29529097503288976,0.1310428103926734,0.27863294993709636,0.20617005382548773,0.08886321081185274
0.18394910814527948,0.23054828479981992,0.18279414174890937,0.21026217368951627,0.19244629161647497
0.23680488759610868,0.3677096394762768,0.01160791321212831,0.0038419179091991615,0.38003564180628713
0.3282241428715353,0.3292040998274595,0.2446182510954912,0.01130764631813145,0.08664585988738255
0.22654750936575632,0.20105821687334682,0.1247549936347532,0.13804672274283214,0.3095925573833115
0.14170871243862485,0.26903863258210653,0.19943238657575185,0.13653478947650394,0.25328547892701275
0.25683929949591483,0.2505177047871199,0.2050684558146202,0.055688409587199,0.23188613031514618
0.0037784195389960204,0.22435615363861558,0.09609373787067997,0.64369551813108,0.032076170820628525
0.06449468704314577,0.16060366013709942,0.15061810377333013,0.332866462022225,0.2914170870241997
0.2990144988279449,0.2957941342255553,0.10157079577257579,0.22097522597848324,0.08264534519544078
0.2626224248950845,0.11830700356392804,0.2255609352797048,0.16744793159304877,0.2260617046682339
0.2803083138571112,0.3083183289089849,0.15554571990620283,0.2171082088376705,0.038719428490030586
0.2524077388933882,0.417476608690475,0.1590314239702504,0.03303063824824785,0.13805359019763846
0.2691908580551048,0.23820880187531718,0.14985029352856152,0.09575385826821542,0.24699618827280106
0.0860117861911063,0.24971191981875743,0.32379121486760293,0.30661870893749743,0.03386637018503591
0.14199515156176748,0.07908220866768338,0.4260892342691988,0.05118488615133548,0.30164851935001497
0.09969605289534966,0.23914183124554364,0.3538479518329454,0.1939268975775939,0.11338726644856738
0.07813462705294007,0.26699525856431033,0.3714085397089006,0.16781952615656673,0.11564204851728231
0.12732413613534402,0.36032425551473113,0.0799996767523406,0.04922850135007746,0.3831234302475067
0.12468411033033654,0.14154526123058916,0.4770033117696703,0.19028055407224964,0.06648676259715437
0.17088098482229666,0.20886812476243585,0.2969084389672474,0.04033140506317772,0.28301104638484226
0.07715772405875737,0.09058700318864756,0.2999539897340571,0.17383851392210653,0.3584627690964315
0.16963098768417503,0.3466963849118109,0.396203523419466,0.04537558769128778,0.042093516293260455
0.3128382804499125,0.09032624392031587,0.24501561542780856,0.14213371716787218,0.20968614303409086
0.20529313025873508,0.2822705301199686,0.27876699079075296,0.18068514920490222,0.05298419962564117
0.19876502284184908,0.2455764545877496,0.1642018466701562,0.15996220445734807,0.23149447144289698
0.0312961355417087,0.10751643142147858,0.37491610214618276,0.1844730606191017,0.3017982702715282
0.25270465755007704,0.20668328471419586,0.137047163636142,0.14454934355366644,0.25901555054591857
0.27407513248989274,0.24767551738383514,0.229243728721823,0.18069064479261523,0.0683149766118339
0.33431436144212034,0.14716582207404874,0.1594489171229319,0.3115530609552334,0.047517838405665716
0.33522294667495844,0.16832283430284617,0.33797426399252556,0.1279322036076204,0.030547751422049328
0.13568369711597705,0.2812361386763197,0.08093434594069757,0.23265477352853284,0.2694910447384727
0.2803975049357365,0.12866595026126876,0.2682875871459741,0.2965415740823105,0.026107383574709944
0.23557398101249755,0.13712624318381758,0.17564308518902289,0.43151730034454516,0.020139390270117047
0.18817745356867308,0.31136950673071584,0.0012553095551829584,0.08850609976073409,0.41069163038469403
0.1277701296676832,0.24805971785984865,0.29460415047936406,0.2251431274594785,0.10442287453362574
0.07936717459765545,0.29449038492155527,0.23665969151480304,0.05928066050556949,0.33020208846041676
0.22610215607312364,0.27697020092442576,0.22343072313502552,0.14083835308332912,0.13265856678409602
0.13158171603414226,0.18535621866990246,0.24539359289292167,0.15829500225327328,0.2793734701497605
0.10666188679168494,0.37027682141856544,0.09039149735504819,0.2770467861136154,0.155623008321086
0.2449316256945084,0.2918465950389129,0.17857251648380293,0.008834332704771474,0.27581493007800445
0.13770859961297083,0.26573083699868905,0.2593868293197853,0.12682680664211177,0.2103469274264431
0.3839202126653173,0.024525454876783846,0.08116152329434737,0.39237906865439504,0.11801374050915643
0.29607827291128463,0.3207049758486475,0.16026618589042071,0.0595363557448709,0.1634142096047763
0.019715485435430464,0.12207030474205237,0.3616810812868372,0.2722028875502522,0.2243302409854278
0.0868786510698632,0.15737815678205327,0.1852873424742706,0.3266163528117754,0.24383949686203749
0.1427026497550186,0.3709557904345439,0.1947507935553828,0.04611196219177277,0.24547880406328187
0.01935293746355755,0.2462303446155297,0.08190230049725261,0.4592951949221553,0.1932192225015049
0.27912618195005895,0.20103490750060102,0.11046455602867604,0.2070143535953904,0.20236000092527365
0.31036504505645196,0.06249064595449355,0.29703716296882815,0.10567281405066117,0.22443433196956514
0.11458775381355878,0.2897772978480118,0.06416197595807444,0.14266783307954775,0.3888051393008072
0.2650347751674045,0.1826108146080529,0.19766733745964804,0.2741874295136464,0.08049964325124813
0.20442116880742225,0.14657917916472163,0.31868310359663915,0.12912028874936832,0.20119625968184876
0.17448095717299916,0.11653866183648216,0.4240959825639408,0.08485981557917024,0.2000245828474076
0.07440797741001946,0.3665764318346385,0.13788281857999843,0.09279598904734448,0.32833678312799924
0.32549129775853913,0.033869883447199205,0.39278446206809714,0.16957812925775537,0.07827622746840926
0.0126473618591587,0.36689104889226043,0.306612835652119,0.11988981760531696,0.19395893599114503
0.07352612539547357,0.11352728634547575,0.037651641232114647,0.20718431577188104,0.568110631255055
0.010231316305592942,0.3371018785787206,0.19270481090557318,0.12720803734860836,0.332753956861505
0.30367161982299173,0.06767874987250262,0.26091750833609206,0.24833018291736528,0.11940193905104826
0.23755898828026034,0.1909198453462269,0.2963991535108025,0.21874014936188124,0.056381863500829035
0.3616730092355723,0.2992825404555452,0.012795074838663942,0.21399098321642582,0.1122583922537927
0.2012170256147968,0.20986242969968016,0.36676309242752647,0.07782840029568877,0.14432905196230786
0.13843555994106305,0.20887307796394594,0.1728621890950766,0.20087922068018657,0.27894995231972786
0.08610631605083459,0.11555282796685788,0.061935241764954296,0.31276130557138926,0.4236443086459639
0.07496049162048504,0.4140737575035211,0.23600547531441882,0.065042216171162,0.20991805939041303
0.029934103952756693,0.07538157073415769,0.414131497909188,0.43627974183664214,0.04427308556725549
0.2741125070296874,0.2840950522427019,0.08049672223492417,0.08876794122215881,0.27252777727052774
0.1193637139810526,0.16694966340081224,0.3280658732563668,0.28925875811587143,0.09636199124589691
0.23465311139945114,0.2227879562327128,0.17296267624308384,0.2231094060944643,0.14648685003028789
0.3134005902468713,0.21734584571050525,0.0885762504160577,0.13558160144028483,0.24509571218628098
0.22869553717101998,0.24663463559498186,0.20505888169577738,0.1083822797941434,0.2112286657440774
0.29976027115649645,0.1691384933096425,0.15190453056516595,0.09382909752182056,0.2853676074468746
0.11199088970911024,0.4006561090498704,0.29347743468994436,0.08970777069782138,0.10416779585325361
0.09475241841275248,0.2182696258039653,0.35226916605833597,0.1599470596259233,0.17476173009902288
0.2343223080326653,0.004660514057295828,0.30355928988550723,0.21542501296612854,0.24203287505840324
0.31387071109177533,0.26842178721892346,0.1834768380975488,0.14915068728034936,0.08507997631140296
0.42178940683664146,0.10975664589635566,0.10818260299704079,0.2212077586568415,0.13906358561312065
0.2293540462253698,0.12518943756987277,0.33878029669441023,0.1607799451849278,0.14589627432541943
0.3381157077416337,0.24913684096844518,0.23685544016980337,0.12260871161106034,0.05328329950905754
0.08762212142471285,0.09305379555074017,0.5569460307856605,0.10797996212551628,0.15439809011337027
0.3273447658991339,0.08675556944417229,0.34921867549641483,0.1607782744703383,0.07590271468994066
0.2643606957416345,0.2442513310889487,0.2255963596541392,0.20556534727133766,0.06022626624393989
0.289013444367642,0.1590725005141447,0.09010275984826195,0.2537299778901336,0.20808131737981764
0.11571173330072891,0.2427364663233904,0.14960717368561052,0.28562990458720083,0.2063147221030694
0.5032689375863152,0.034322424473436246,0.09063340298245347,0.1689307526718049,0.20284448228599009
0.24851446010647069,0.03860571121224657,0.36875587489422823,0.242235259282094,0.10188869450496063
0.05482759398272421,0.2155032582527504,0.16255996709146603,0.1530073077821635,0.41410187289089595
0.17640821055240993,0.2628703585152186,0.279880182582179,0.14903517590477164,0.13180607244542075
0.15739275206197986,0.03621532968657213,0.29726061625097433,0.20920208730774129,0.29992921469273237
0.3438453489534348,0.16064401501749936,0.3471770801484686,0.012752210328433704,0.1355813455521636
0.4579886227836473,0.029724376288040238,0.0424761204750969,0.2719949093258968,0.1978159711273186
0.3376682911622912,0.09877166640089759,0.3703975987899224,0.05763219820019015,0.13553024544669873
0.4165053655934356,0.1300861147221332,0.3762694812498942,0.02426853729857434,0.05287050113596277
0.28494490193434646,0.05998128013692763,0.3965525396547263,0.09031657336954711,0.16820470490445236
0.18672584179630222,0.2148898759753579,0.30167941486214866,0.01771445864394878,0.27899040872224223
0.15169145482859106,0.18701918732042702,0.21602703397261727,0.18253638588593155,0.26272593799243305
0.009515559850886332,0.3103960731409681,0.19513691440291653,0.3733684896398768,0.11158296296535232
0.11832975314122034,0.23739797903009405,0.4485607121464349,0.18447197064332993,0.01123958503892074
0.13688273105876939,0.23195740951637742,0.023561704122336123,0.22356520208595204,0.3840329532165651
0.15884553334071563,0.37909220286395084,0.003796416404095127,0.17628357524685373,0.2819822721443848
0.1254574926950473,0.022672008254596917,0.11152279393637744,0.1691711138162762,0.5711765912977022
0.21509274578566814,0.17574553044603833,0.2654693383993162,0.1434978239610296,0.2001945614079478
0.2685078103977333,0.1740424796088002,0.023795077011209333,0.13993312087081544,0.3937215121114417
0.011676153375978065,0.19215754103342164,0.19064780039229992,0.17358365186465677,0.4319348533336437
0.32716153237872453,0.401657064986186,0.08806369090285404,0.06154072770059375,0.1215769840316416
0.37388636261698144,0.16471363642441247,0.04109790724833666,0.2443233245374264,0.1759787691728429
0.19352407441013078,0.017806960946754394,0.34203112340466435,0.31320253971369805,0.13343530152475236
0.3837592702829947,0.19650033874107584,0.026616405269747293,0.06727633125717937,0.3258476544490027
0.1549618508955689,0.2287221137364259,0.16491412079523465,0.2329785263891301,0.21842338818364046
0.17770035541401716,0.28597474053616256,0.015210811350044423,0.20112072867913247,0.3199933640206435
0.07745806638482548,0.42964553416274637,0.07039086378256654,0.06258216052357363,0.3599233751462881
0.11838016986494548,0.32929717122578855,0.12792520785256373,0.30112640805675994,0.12327104299994222
0.2568133674349059,0.25961168908787224,0.16171611477169193,0.07953226760239027,0.24232656110313983
0.19510058719418416,0.14227219929692086,0.03315650989996227,0.33429015376368326,0.29518054984524944
0.026467542500187517,0.15535219619142904,0.5142130914455038,0.2184607648736893,0.08550640498919042
0.18461956657774004,0.19662016511401628,0.3048066531174763,0.1274954186942477,0.1864581964965196
0.10385431944742217,0.3333000633525844,0.02572633449476954,0.0017942430640856687,0.5353250396411383
0.27499574122877407,0.23422743376377847,0.06526760090125437,0.2597035440909897,0.1658056800152034
0.07490739947442547,0.04943685309076712,0.24055631397885432,0.3073081482053809,0.32779128525057233
0.15690046096740123,0.11513102129760928,0.2626059321282846,0.2778641439654263,0.18749844164127877
0.33630327665247267,0.06860943295067534,0.05002458839754582,0.2551347415303899,0.2899279604689162
0.39126128876684274,0.25370153094680725,0.20606095538270894,0.1010867482369007,0.047889476666740295
0.2978956427174513,0.27564786010933057,0.12010374058936246,0.182524943913929,0.12382781266992685
0.19238432215072854,0.14232281740345826,0.24883221242575015,0.121035775374273,0.29542487264579015
0.16051151236742234,0.18739004393578906,0.050743007089602055,0.5090103130289948,0.09234512357819177
0.33731043355684237,0.116344792964122,0.13070114488889475,0.24598934621492907,0.16965428237521177
0.2617941404442556,0.22343468730586002,0.2939376637357968,0.1323339464114494,0.08849956210263828
0.3628422885703575,0.20122324524981594,0.10556339518011683,0.0354967470974212,0.2948743239022885
0.030977278461467306,0.047809584437246505,0.4258489918161159,0.38104686507856006,0.11431728020661026
0.13129742138909498,0.40865242621577447,0.11899806587805087,0.05516398650791999,0.28588810000915976
0.17557530000388216,0.31785363123888954,0.021294117545329498,0.12843405625424073,0.35684289495765803
0.39301065225249887,0.17857052989316602,0.30741434297353687,0.1134115466426031,0.007592928238195029
0.06178227878011629,0.09818982497731055,0.06671578211222519,0.2866967780564151,0.4866153360739329
0.24456390575622033,0.16569680969426218,0.25209155686263435,0.209977219849209,0.12767050783767406
0.17608598062501424,0.373984739450073,0.08683980631194026,0.08722517199279806,0.2758643016201745
0.3427483091461207,0.1779339912843695,0.3013766506903033,0.11864414444188902,0.059296904437317485
0.13223359909108837,0.2808252799476928,0.0377946743458175,0.4699614026989842,0.0791850439164172
0.07806114111313067,0.15932833506016267,0.31048473435473944,0.3235205204019501,0.12860526907001707
0.17283732710716318,0.27605697895529785,0.2964950163157127,0.02455538781740141,0.2300552898044249
0.2917142331117018,0.2133633900614378,0.1438775381303257,0.18977775755153967,0.1612670811449949
0.10089123131934337,0.14348094826758243,0.28970402069046625,0.253849643305995,0.2120741564166129
0.10362223503134313,0.14077903614722184,0.26321035986558394,0.2897097567229118,0.2026786122329393
0.13844350866276295,0.019928245909576973,0.4071171721945639,0.20243712010894682,0.2320739531241494
0.011703402401771713,0.14770072246044216,0.2906272896731691,0.2636638732984874,0.2863047121661297
0.08163801875384996,0.2275357402975721,0.07236776849861348,0.43529631064897195,0.18316216180099265
0.0409300036109614,0.31401675868646506,0.3014053201565524,0.31333347542867607,0.030314442117345134
0.09016254659909916,0.28887981900092874,0.09312751906156348,0.24363399817155829,0.2841961171668503
0.010733434734084942,0.4690194571081557,0.10844848284693319,0.20781873421872238,0.2039798910921037
0.13228455837013153,0.05555314337210696,0.2807140328443685,0.17854338624615002,0.35290487916724284
0.1792532891806743,0.4212317026479918,0.06300665345147655,0.13710982460588478,0.19939853011397257
0.07645981094236103,0.13509918739096655,0.5059663403859933,0.10247944932107043,0.17999521195960858
0.16134324303118863,0.0968781048429183,0.23941274438754948,0.2755911837444486,0.22677472399389512
0.35926064837675653,0.059624903725089065,0.2437617502715154,0.15660739480746608,0.18074530281917295
0.30714165467744686,0.1324744072646919,0.3094438499360589,0.12667752298607213,0.12426256513573028
0.22110868853474872,0.009208673784390243,0.3356814529494935,0.2847083030334069,0.14929288169796068
0.05949711708120009,0.3549908780708416,0.23484321447251147,0.05221222197909591,0.29845656839635076
0.34799151760116487,0.4199989582888979,0.021471715704056253,0.08242528971404367,0.12811251869183732
0.24195666554376075,0.13565761965877388,0.3179062614458227,0.25269576250875764,0.05178369084288497
0.11357825759229649,0.20337617871811978,0.26630485142461957,0.2572264330609691,0.1595142792039951
0.19050052544807627,0.38122453565927544,0.22529266098418968,0.08146541672932081,0.12151686117913793
0.11418235217042365,0.3293132475410465,0.3454289098860254,0.15109887902131208,0.05997661138119243
0.010571007257191066,0.038456027127037856,0.29978421269258937,0.5446207799279226,0.10656797299525908
0.021783445114419563,0.147981104029281,0.45623530782425087,0.2586154693468106,0.11538467368523786
0.25261677000544186,0.3174313856597738,0.10586479895965009,0.24195215223769195,0.08213489313744224
0.10711767316020643,0.2407509172765577,0.22214331413433414,0.15510639587196523,0.27488169955693653
0.12334414004294439,0.21816697229587217,0.13836878541082553,0.26013105020115845,0.25998905204919937
0.30185773539365945,0.2877390904672734,0.17361343948602934,0.02161287213209877,0.21517686252093904
0.21901812097770154,0.34721361058254635,0.07165501072028425,0.26761487931965167,0.09449837839981615
0.1768780506675373,0.04945579225756201,0.30915031443835045,0.2503551774459421,0.21416066519060817
0.1896801886074964,0.022901839835363643,0.3688089528614369,0.14019899471099745,0.27841002398470555
0.20058578407765737,0.19958313067804595,0.19060620973855433,0.3474456422998854,0.061779233205857
0.24101548814121168,0.06833877190976452,0.36068881780703593,0.17913908808316836,0.1508178340588195
0.0471135644719125,0.09945965656523988,0.18791417998676704,0.5835370138774271,0.08197558509865355
0.29222545585012044,0.28350900242697274,0.4137002763818546,6.819326666951938e-05,0.010497072074382798
0.4198512911164123,0.12066094634117734,0.18321347456087375,0.20849311613190916,0.06778117184962738
0.2910961317343669,0.04055713341127754,0.258692127281691,0.29462552781227286,0.11502907976039173
0.029657264825845964,0.3727573422962045,0.007982125304677977,0.25473087698942126,0.3348723905838503
0.32125473895625367,0.25537363596292273,0.13238015219459423,0.22865465540935287,0.062336817476876645
0.04812275262335759,0.4116712789071974,0.18997914883315892,0.14407609273652353,0.20615072689976272
0.18623145767491214,0.41872185064032347,0.050596582778999095,0.23331531647320436,0.11113479243256096
0.34537409162428645,0.23856164486111056,0.11055815316732394,0.3051072145888795,0.00039889575839956425
0.2089751772202928,0.25397561914082495,0.005669542525828303,0.28002710459483166,0.25135255651822225
0.22282067735591005,0.1277593000369904,0.1256902890119683,0.26939264992611583,0.2543370836690154
0.24532146715323228,0.2794141810677761,0.12560827178012876,0.16161037742747245,0.18804570257139028
0.4895019117147168,0.07666723723816862,0.18641194229566319,0.14230183733859003,0.10511707141286125
0.05660267208533311,0.38235073052720037,0.050761870787005774,0.24796480935021936,0.26231991725024134
0.3211285227648571,0.32381938206166716,0.00665279804889957,0.17471540948147982,0.17368388764309628
0.01644079393668538,0.047611796846622416,0.4186638735932556,0.39394999924405705,0.12333353637937951
0.05267394697795783,0.16166974935071066,0.3392512323744115,0.14583028822472305,0.30057478307219687
0.2905038156208543,0.02421488804761158,0.2748337852300553,0.2716914937916707,0.1387560173098082
0.20402119575653532,0.23087047179428985,0.1155951796155474,0.07039276208448142,0.37912039074914616
0.3455035585036652,0.09408525608250057,0.11930248581178554,0.25887181306189566,0.18223688654015308
0.2939606825162684,0.2629255839119708,0.23568505293233058,0.17996373603969057,0.027464944599739676
0.10003767077995158,0.35537158975754657,0.41716627694793007,0.08567579112014734,0.04174867139442453
0.3912748405388356,0.12555252410458947,0.14241409389500526,0.13098896744835997,0.20976957401320973
0.3006513194410604,0.11826740178115241,0.2364257919129923,0.3207979504777376,0.02385753638705709
0.19062900375553396,0.2660623323680137,0.0801737200874491,0.23146134475838953,0.2316735990306136
0.23126981446932046,0.2452615737997081,0.07887291220413944,0.29272894003136674,0.15186675949546527
0.002047852243614999,0.28931257450991643,0.4723913202947014,0.2228862836982617,0.013361969253505428
0.09217989885350727,0.1930954646165584,0.36062073684107565,0.10819942467886577,0.24590447500999282
0.3613395319346179,0.29946932670285087,0.1909538363081507,0.006429747112827214,0.14180755794155347
0.21450883871577167,0.17090447925587135,0.23903184819174772,0.16789845609399473,0.20765637774261442
0.3318547268010865,0.357706557784255,0.04452252858707853,0.19599274111780277,0.06992344570977725
0.0578898329550126,0.13726616757575377,0.17630928242448238,0.28368560239721,0.34484911464754114
0.05197798681183448,0.026164529822826736,0.6676126034150263,0.16555557479761668,0.08868930515269584
0.37860585821108955,0.09606167638885153,0.062449208122426624,0.2166184609074552,0.24626479637017717
0.30412729766252405,0.21531647976934948,0.06268638141534998,0.22275321318868893,0.1951166279640876
0.2882751433135657,0.25484411129088935,0.15448110596144798,0.12553744832155594,0.1768621911125411
0.07284435173885097,0.28816371575026484,0.31685355767816475,0.1426058573597607,0.17953251747295884
0.0016923105897682018,0.2483535951984172,0.2752512171710133,0.2750404648537811,0.19966241218702022
0.18175362055617095,0.23923414829027762,0.22305539997647963,0.19820031557197224,0.1577565156050996
0.31895968273215586,0.24854351776367092,0.07885480364259471,0.28664557997368023,0.06699641588789834
0.19213441684530538,0.0812547481160636,0.10662293142686365,0.3544256028270697,0.2655623007846975
0.30777479809422564,0.24920332942665432,0.08836475677733588,0.139402145018413,0.21525497068337118
0.3187211866495558,0.09094329005655093,0.21929543948522448,0.08645601884234216,0.28458406496632677
0.04652583223304763,0.3042909685107716,0.21257420835801435,0.2230848133833364,0.21352417751483005
0.15211484008686582,0.3559336630162354,0.3211160544154789,0.11342852461314826,0.05740691786827186
0.1358475419748811,0.15701676796918898,0.22058549053570153,0.23825091333205556,0.2482992861881728
0.060347785594458914,0.16151130371406938,0.38954395270440206,0.038129347069266205,0.3504676109178035
0.07142775543607463,0.1917845342780795,0.2676922834893331,0.2514490395037935,0.21764638729271923
0.22840595771357355,0.25999174508360073,0.22829609625585132,0.1243491274299483,0.1589570735170261
0.2542641177416482,0.20494795832579726,0.27345594196039114,0.138995912273058,0.1283360696991053
0.32820866079743877,0.04487193326800921,0.050595895531283484,0.34545094402708065,0.230872566376188
0.3196916447446149,0.253856152805634,0.038216937062419847,0.07360536695028798,0.31462989843704336
0.12072274518931551,0.040297275953667576,0.042989662820972024,0.18184927850922344,0.6141410375268215
0.2840300066199918,0.2631332758444032,0.10686163429568901,0.09006083250455416,0.2559142507353617
0.17734266759987372,0.1797135905146469,0.08798611802652744,0.15317461830781945,0.40178300555113255
0.20650251005573772,0.34055748452162576,0.23690167623510386,0.03132645007948554,0.18471187910804718
0.24918178202133143,0.07111521167641328,0.43640348151605235,0.08559421397544291,0.15770531081076017
0.28246992058472953,0.26640575902954394,0.16072594477295227,0.026611185675033493,0.2637871899377407
0.09830920370451858,0.20059518957647082,0.04171675200120692,0.4410088764769325,0.21836997824087112
0.027134385488772946,0.3161087117570221,0.3135901204362534,0.16126588874935174,0.18190089356859973
0.16303830606008182,0.1516881021259749,0.1291788602310861,0.47683519851079686,0.07925953307206027
0.016588165188482922,0.33724888143562604,0.4504533546861444,0.06540220823969652,0.1303073904500501
0.034552361486582354,0.3080205548621525,0.15555264973535068,0.3774989850860113,0.12437544882990319
0.23475074192047993,0.2900912398397585,0.025847433910784364,0.19085766412023805,0.25845292020873917
0.21760956203816573,0.01817030048462111,0.1824743670541517,0.2987934505793465,0.28295231984371494
0.17900280107984212,0.3940839720715647,0.06078115587989084,0.10352740655756021,0.26260466441114216
0.21282617507291157,0.18515890676451544,0.1367303953370122,0.3541876282156966,0.11109689460986427
0.22828300046633238,0.04430603537993726,0.30916861835827225,0.3168205172425391,0.10142182855291906
0.05279598410533845,0.40022280462645843,0.10068859612060369,0.39190994848698574,0.05438266666061366
0.25572232898282027,0.0782318535543854,0.11073860045783562,0.27579357763021184,0.27951363937474677
0.040072996925276785,0.4013229114056219,0.39943592783836607,0.002094333007064178,0.15707383082367096
0.020586882841438708,0.48544357312023273,0.26923354527518695,0.18186355305400112,0.04287244570914048
0.12019795688202825,0.1842257903924296,0.21667113342369165,0.26196692065423677,0.21693819864761368
0.09415793467195724,0.21320311887869736,0.20424845589063312,0.17222990545996436,0.31616058509874795
0.28588640204102705,0.2794736964696525,0.21994221947343923,0.05141572739972152,0.1632819546161596
0.4102333530840701,0.014711245992627266,0.49965417309946475,0.043172773204271375,0.03222845461956643
0.19498080385447525,0.15535607470228327,0.3704582544524033,0.2679947077231644,0.011210159267673724
0.2065254020998805,0.15603765490275043,0.2578219061441062,0.047918519746382005,0.3316965171068808
0.3511231986539637,0.03467789437100834,0.1495439414226987,0.2695534687345328,0.19510149681779632
0.033135787450899575,0.0039029228030385524,0.03564937207672268,0.4138706756423993,0.5134412420269399
0.25972137145905916,0.1954746034182936,0.11684754319813406,0.3452179278260113,0.08273855409850195
0.3839551347014911,0.026245176592938405,0.14362021534028427,0.1248928201350141,0.32128665323027206
0.3740551667492648,0.017545952548542507,0.29360337166360817,0.2744170111147971,0.04037849792378741
0.013558706138590119,0.1666909300245483,0.2851103897362281,0.3372834033060396,0.19735657079459382
0.3497610708893925,0.36415284281185795,0.03717983302545486,0.16138230974759873,0.0875239435256959
0.18289409392928066,0.16673404967133804,0.25493421512344366,0.23196241298833034,0.1634752282876074
0.01214336429347576,0.26177761793423104,0.46570529545542,0.2580283323374783,0.002345389979394945
0.20322437540529198,0.11799389615891238,0.2605806359091769,0.20683014291040508,0.2113709496162136
0.29155162372886156,0.23974448497190923,0.0010638065873235618,0.13057728449681325,0.33706280021509233
0.28203962451302017,0.19341899812644953,0.2705767327553065,0.21817219999002319,0.03579244461520055
0.2339886527586409,0.25733356935487045,0.26419491628127023,0.02379561039392655,0.22068725121129193
0.38039937244177646,0.2293031208542427,0.11590156315836393,0.17226972484573208,0.10212621869988485
0.31045967982014244,0.11554264957976801,0.2747284471058074,0.11679505382225025,0.1824741696720318
0.09374155788710667,0.07640708847339546,0.28257864296926505,0.23847428079626057,0.30879842987397227
0.247303029935506,0.3358678547574658,0.01658861472254357,0.22755867075862327,0.17268182982586164
0.42293627427388253,0.045905947079956405,0.3209331234199204,0.1858154299563474,0.02440922526989329
0.05610908869383346,0.13106152182054673,0.23223055403583232,0.23560227130372935,0.34499656414605817
0.2512461256872334,0.38187448608117336,0.12087302261985533,0.08918635047946213,0.15682001513227584
0.16206616261821255,0.3156995275869196,0.15146179865099685,0.029380438717158067,0.341392072426713
0.12950384056687403,0.27960929946495383,0.36199310054025896,0.20345963318075433,0.025434126247158725
0.32405901833738,0.10639995349815642,0.07799685902025928,0.2646529644545486,0.22689120468965562
0.23016267231940027,0.28611280180578913,0.25863058823512797,0.05273246610979159,0.17236147152989106
0.31303152632526693,0.09876336382837836,0.04034526178262857,0.4950422909824857,0.05281755708124037
0.19863038000008845,0.04132595024983637,0.0735297077083954,0.3299720637259333,0.3565418983157464
0.19276557775664788,0.16792545366671313,0.16967665699084483,0.13747054999519742,0.3321617615905966
0.21768413344998988,0.22139305615089228,0.1287948259495772,0.1890205401465305,0.24310744430301015
0.10083922375845528,0.16833656950372672,0.14991768097663546,0.01231571690919591,0.5685908088519867
0.3864865495376873,0.11647410329661255,0.20848562456888942,0.13784751697023367,0.15070620562657705
0.03304523621406722,0.4891887404502377,0.18772383096205722,0.2770587358574688,0.012983456516168994
0.2239673164975563,0.45244622401202284,0.2185503229890893,0.08843056133441356,0.01660557516691794
0.16324101687777332,0.02534764478647756,0.15372725069957394,0.055549791257531116,0.6021342963786441
0.3984626891461168,0.01964989980356709,0.10628452228086212,0.28100504942216603,0.19459783934728786
0.2528016905663903,0.14019502048474772,0.5387234512409672,0.012096486948625026,0.05618335075926985
0.047382822638989686,0.34657583820079163,0.1581455313009744,0.39267136546220033,0.0552244423970439
0.13433493879277572,0.1550346783889931,0.14627529586229912,0.2933987511905629,0.2709563357653692
0.21508145400835843,0.1837785794536244,0.2730506577029489,0.06254874451830966,0.2655405643167585
0.1725515677645839,0.3213869663743157,0.14944277873949283,0.1584878794240635,0.19813080769754407
0.1294261553693303,0.24992998216477852,0.2512914092963227,0.18996230047515966,0.17939015269440883
0.14023174598279511,0.28929666614104144,0.1439020294238274,0.19033818736675498,0.23623137108558115
0.13348170962768602,0.2955458605478645,0.1874939134138586,0.31862222349397185,0.06485629291661911
0.24557035916642958,0.048606114289377444,0.31187301166661974,0.10522549617244377,0.28872501870512945
0.26124535590038184,0.10144600475608197,0.38508116235633766,0.173004845505221,0.0792226314819776
0.3614766641414919,0.31106891428563493,0.020051010651163263,0.02085346333551066,0.2865499475861992
0.2846527815990869,0.20794940692119973,0.14509164667819183,0.10413774423575654,0.25816842056576483
0.056481555548240095,0.47877707152387783,0.15534802047193735,0.03432464255145008,0.2750687099044946
0.2599612089849906,0.09226323105403476,0.17138522105438186,0.04915846614926495,0.42723187275732777
0.08346942254370204,0.3455597699545564,0.11061703927886236,0.13034748115722813,0.330006287065651
0.1312578895162585,0.25321104667097866,0.06760827836550716,0.23246834898655086,0.315454436460705
0.24722026072171194,0.24482121210700553,0.19159453712277347,0.13233064474281428,0.18403334530569468
0.11785016773837205,0.2099319733161889,0.2584950904722644,0.20296974897114223,0.21075301950203254
0.007973529444615813,0.20779340170203447,0.33056108182709776,0.3242474409766995,0.12942454604955242
0.25225525732413,0.21657708891145264,0.1933604188198924,0.15548568872203208,0.1823215462224927
0.5197821079738592,0.03571447999903053,0.1034303774066484,0.24075344414480707,0.10031959047565493
0.27735690637735344,0.016174553232282004,0.29553654373345045,0.17562360647350928,0.23530839018340471
0.08409873760023348,0.14058507427163427,0.2849682705196921,0.27457551711198414,0.21577240049645594
0.09356103820930085,0.23172576954777102,0.2084271257070702,0.27388432342876856,0.1924017431070893
0.22127016788371054,0.2558596782986123,0.24687906923318537,0.25527201775543656,0.020719066829055284
0.4547941795512615,0.1995575119930897,0.15566289087793694,0.14130204640103697,0.048683371176674664
0.21861535283655437,0.33252817555515396,0.21407414036206057,0.00592087413062205,0.228861457115609
0.41223810793510335,0.10899869739841395,0.16290582191408723,0.1978849847877019,0.1179723879646934
0.2224420384871184,0.38153116369282836,0.04160554714264866,0.12435387992085803,0.23006737075654649
0.1139149586308084,0.28142297059233334,0.27070317348936623,0.1547969149364008,0.1791619823510913
0.2776512609394211,0.1761312977608453,0.2857572479614506,0.24937067905907173,0.011089514279211198
0.10577209482040498,0.034831302511917794,0.7517003414771471,0.007236940601910662,0.10045932058861953
0.0014768695375072202,0.40525981385410714,0.01826328158069385,0.03965009330399111,0.5353499417237007
0.2239949718048542,0.5671861599590402,0.01405932818058154,0.09417201567678953,0.1005875243787345
0.252815832125145,0.1645043118853376,0.15659642893174147,0.2949877543170688,0.13109567274070705
0.17819544156209252,0.16343538175789324,0.15008596315186318,0.27115651052249595,0.23712670300565508
0.2567910455340736,0.09021266016401416,0.18753344188182763,0.30227544284667224,0.1631874095734123
0.18704191073908422,0.26305349908315034,0.20078380052983774,0.2413285370885336,0.10779225255939409
0.108757797973486,0.010580818336579315,0.33013946934305183,0.14779347190626643,0.4027284424406164
0.23115810059343167,0.24880694800195477,0.2679385048458812,0.16755154482322326,0.08454490173550888
0.23969554517984742,0.21769460765804244,0.2530100077291578,0.13466401126199687,0.15493582817095553
0.18068744420931307,0.19181086649064596,0.26232166553274594,0.23754930038707792,0.12763072338021705
0.29879365687233034,0.03429369815082381,0.4160003596022365,0.1805666785981244,0.07034560677648485
