Return,Volatility,Sharpe,Portfolio
0.24007133167571892,0.19919187554944784,1.2052265234890218,0
0.22476828492695466,0.37146710142098843,0.6050826144957098,1
0.24054744018594734,0.19248894738017494,1.2496688431198835,2
0.18783965497879673,0.32254662892313474,0.5823643409510267,3
0.21922553833395525,0.29583003425016036,0.7410523373315548,4
0.21933303563888876,0.35080010057519273,0.6252365243888393,5
0.21142575717080758,0.2735636490097062,0.7728576436824254,6
0.2385396347792006,0.3621726993414166,0.6586350523188708,7
0.19199955013266332,0.41041177069243884,0.46782174353509737,8
0.17757253189347588,0.4256799614477471,0.417150319431405,9
0.2341153283851318,0.38484269067267696,0.6083403272540145,10
0.21643268830525358,0.43409521613587787,0.4985834449682282,11
0.21913968061003594,0.19166001611684408,1.1433771375477664,12
0.2559029708749585,0.2505772564038272,1.0212537823566414,13
0.17695681193512683,0.40483663950236326,0.4371067108763851,14
0.22345645485458043,0.38451423083121994,0.5811396222488973,15
0.1915072574948683,0.39553838997486024,0.48416857212530034,16
0.20805787487008914,0.29303572400074795,0.7100085683394632,17
0.22365351906993267,0.2205769802835388,1.0139476874805302,18
0.21261409976420068,0.32205760182213433,0.6601741382947482,19
0.23511060865632183,0.44799741017425687,0.5248034995668194,20
0.19867311722903064,0.3341227177275332,0.594611221231124,21
0.19675245247331208,0.41146077711091406,0.4781803355712692,22
0.18191946010046442,0.4338118344122888,0.4193510772865884,23
0.2353961089883309,0.3147147336288518,0.7479665990659891,24
0.22173520132982374,0.4005490072672288,0.5535782071777592,25
0.20060646922605815,0.4057908302713763,0.4943592961228344,26
0.21434229369200014,0.31480220746302495,0.6808792588189703,27
0.2180552232642238,0.37167479225335365,0.5866828415836863,28
0.20620029059028255,0.25966789646961436,0.7940923517837006,29
0.2400808465717275,0.5326266486760041,0.4507488447461597,30
0.2088548806397138,0.4362219263014273,0.47878125341043964,31
0.17925151099942802,0.4340264590287204,0.41299673619106847,32
0.182881588941836,0.3628095754391891,0.5040704582299234,33
0.22920065032645,0.3183164962067554,0.720040126910601,34
0.22979917203666672,0.39248854410225775,0.5854926863210447,35
0.1832850772351231,0.4067159203637228,0.45064642926004156,36
0.22853818985333105,0.2909260976581229,0.7855541035782015,37
0.19515296329216406,0.37495305311066446,0.5204730610222986,38
0.19240520771693126,0.4599458556609008,0.4183214292483673,39
0.18226851092894866,0.44781706120757553,0.40701555773120085,40
0.21559677612771416,0.6305364637549482,0.3419259448435384,41
0.22373248243306226,0.35020637106615826,0.6388589726450078,42
0.2108406155606049,0.35924354480301146,0.5869016120420975,43
0.1981135258593385,0.31388206709312944,0.6311718528365554,44
0.21828429779181663,0.41324881976938244,0.528215175335848,45
0.17598099393673736,0.39366475289765507,0.4470326404418759,46
0.166085905522438,0.3743472153761073,0.44366806723958446,47
0.21464545516636868,0.2818544729897883,0.7615470951711503,48
0.18865393626048943,0.2986664330305635,0.6316542985638559,49
0.22926470342020455,0.2464212962315351,0.9303769882161061,50
0.18711626304006218,0.556574502799829,0.336192660818597,51
0.2346841090345383,0.2855256166892634,0.8219371408973936,52
0.22491888965637033,0.3727211599365317,0.6034508201645175,53
0.22547361604896363,0.33201461439696595,0.6791075039226468,54
0.2182342305147707,0.22877493945103888,0.9539254213701844,55
0.20571785118854655,0.4642561968177946,0.4431127739352159,56
0.24540530539701702,0.4411748825826457,0.5562540277914507,57
0.2289636926975451,0.31373418660976815,0.7298015405070819,58
0.18984126518663352,0.38095950761530833,0.4983239987235982,59
0.21710527705880434,0.40711961518386725,0.5332714734482965,60
0.17373166008599483,0.5061544822462308,0.34323841076147765,61
0.16941774396807896,0.4514049798095482,0.37531208459321347,62
0.23899316587556302,0.23988530542598438,0.9962809745730897,63
0.1999399295128662,0.45543114462292017,0.439012421248461,64
0.23001846259128775,0.2517859114519758,0.9135477885352618,65
0.21849081235208848,0.3617297266638186,0.60401674578199,66
0.2023222738898792,0.4275342512599863,0.47323056174707684,67
0.1819191518729729,0.3892581830778263,0.46734830449691767,68
0.2297921250167556,0.44164020326312325,0.5203152324423883,69
0.19418568702804115,0.46010643315389244,0.422045146591314,70
0.19569133875314956,0.2632493650886444,0.7433687017146428,71
0.2209702064787529,0.44163450544315896,0.50034633561302,72
0.22572878096663834,0.5362542995564161,0.42093607669599814,73
0.19532149849949418,0.45688694387034295,0.4275050997187681,74
0.22118165794903885,0.37168378808295643,0.59508018654737,75
0.23619785840064683,0.6089405693123281,0.3878832685879071,76
0.21313581950338972,0.36741459755773626,0.5800962207820204,77
0.16888497498210642,0.4266130345774487,0.3958739215490297,78
0.20852121794993225,0.4700610270324561,0.4436045661269735,79
0.21672232177873316,0.27747305845588943,0.7810571699637139,80
0.23581643931501622,0.42982599662626936,0.5486323330044109,81
0.24527731831713107,0.474099333364231,0.5173542780088547,82
0.2081892395012996,0.3699805858201362,0.5627031457334616,83
0.2239543216034651,0.4123547723738992,0.543110778891135,84
0.2317122112978922,0.24682677444705672,0.9387644910766902,85
0.1879328664578495,0.44080149266739405,0.42634353463874025,86
0.2197825485187251,0.499866504293015,0.4396824884867492,87
0.2068356183899976,0.4272347517488963,0.4841263908034417,88
0.22376587088744448,0.1983574538734007,1.1280940873049339,89
0.22510228390918632,0.3163149905265082,0.711639633437866,90
0.1960023439588918,0.44463463419468224,0.44081663659397397,91
0.21179721980278854,0.28383527636266637,0.746197662661803,92
0.18558735989375433,0.44398535105362635,0.4180033405456621,93
0.24238862028585167,0.40645427393892625,0.5963490503787222,94
0.21631694229314988,0.49676807189449423,0.43544856147496575,95
0.17868373413204094,0.4596110108165348,0.38877165674206837,96
0.21356168839822567,0.3997703936053975,0.5342108665731425,97
0.22655337484884136,0.3370391951115832,0.6721870279029019,98
0.22618580319793702,0.4907151108987258,0.4609309926969366,99
0.21343079586584993,0.4254356319171361,0.5016758819755387,100
0.22899739882503448,0.18928542654323383,1.209799417773614,101
0.20565735403834456,0.3414927683141887,0.6022304807612516,102
0.2164928474186587,0.38487079189386236,0.5625078649209679,103
0.14721115400590382,0.4117336613824231,0.35753975886166944,104
0.2192069603251255,0.5613812195082273,0.3904779011259975,105
0.20232809402222557,0.41969305617630537,0.4820858745331046,106
0.1905107356480485,0.44473118879083534,0.4283727798943486,107
0.22307550659559744,0.19677072432585005,1.1336823979271784,108
0.22728633166791548,0.21112906333817982,1.0765279212358152,109
0.1916867062517977,0.2987692682926022,0.6415877621793006,110
0.20112821012030457,0.3298463882306947,0.6097632634365407,111
0.2158981497820367,0.21641200788877,0.9976255564016697,112
0.19634630503366562,0.307419081141976,0.6386926416678299,113
0.16882182501779844,0.43691697926722245,0.38639337226248066,114
0.18362289725912742,0.3772010750155531,0.4868037485088188,115
0.2217362671380224,0.22236555129548352,0.9971700465571446,116
0.19556941696446242,0.3630335265545159,0.5387089694458129,117
0.23968446162520085,0.22353556069886824,1.0722430958002576,118
0.19551674960720747,0.26061481713427115,0.750213482706455,119
0.22827481895495605,0.37709339309914325,0.6053535361064768,120
0.19271208490106986,0.30733124552540125,0.6270500891362899,121
0.17979901701566295,0.32484940445632293,0.553484213143563,122
0.18953779511275942,0.5602776974484196,0.33829259307650505,123
0.21161230605051554,0.3830479293275534,0.5524434146452749,124
0.2182182947278048,0.2566337755379746,0.8503101131967511,125
0.19537253443875843,0.29489867681215115,0.6625073281125967,126
0.16002209312839755,0.4283932123367241,0.37354021613819954,127
0.197722590351765,0.2788992543154435,0.7089391143661316,128
0.2182487808108981,0.4170392699552058,0.5233290880121199,129
0.206905301114652,0.2814544061863689,0.7351290175846343,130
0.2019069755518247,0.378225523460738,0.5338269445816071,131
0.23821835206384376,0.31437455981109147,0.7577532743329798,132
0.18154690392486159,0.36173387130421675,0.5018797473134092,133
0.18862359351469346,0.3474744383384955,0.5428416387019065,134
0.1967560767011295,0.279415962962362,0.7041690625514943,135
0.20328825265950076,0.3128025209453305,0.6498932682675856,136
0.23296013392687445,0.2644497090210185,0.8809241454236532,137
0.1863545927831737,0.27460329345113577,0.6786320383893522,138
0.24246102154236113,0.3716125863862093,0.6524564302307467,139
0.24417853114760807,0.4039592007675195,0.6044633484858636,140
0.1599851106471454,0.375685397503741,0.42584862683025176,141
0.2321970890669223,0.43689011905128056,0.5314770898713501,142
0.2006263502521565,0.46069880266913804,0.43548268215544106,143
0.20448118671635854,0.2807483536229081,0.7283433155622736,144
0.16768299700295544,0.39070582246956764,0.42917967268331764,145
0.22832795408898507,0.5867077957004824,0.3891680931499805,146
0.22161462364761905,0.44727172931593184,0.4954809551378572,147
0.2157938159870571,0.3569523680765998,0.6045451306286027,148
0.21756489234868903,0.39370973273342,0.5526022708105155,149
0.1975871245565841,0.2835635471842195,0.6968001582665345,150
0.19112340123353178,0.28024729735663473,0.6819812466926793,151
0.2226066163438232,0.5617443754050693,0.39627742811541883,152
0.22719299320197697,0.46820189219266367,0.4852457817673401,153
0.17973311775628356,0.350789381926496,0.5123676114972734,154
0.2040423195217758,0.46860738616988246,0.4354227559012591,155
0.1978133738519747,0.4587957891717505,0.4311577798241804,156
0.22400667259954515,0.2434144984422653,0.9202684064962408,157
0.24780757803671466,0.5534078896731104,0.4477846858726406,158
0.2414269725584699,0.3913697524368835,0.6168769330159336,159
0.21799627062760435,0.35576498608773516,0.6127535849574706,160
0.23919576913639512,0.23736636539075281,1.007707089176812,161
0.1928231841287066,0.30509726663216097,0.6320056100705187,162
0.2356887683072826,0.4681922991865108,0.503401633723567,163
0.24776343063714423,0.21711004663133318,1.1411882337156993,164
0.17329521440307147,0.41920746850823476,0.41338770757054705,165
0.2156686181184617,0.2810211664277371,0.7674461709058473,166
0.22914399937081795,0.438111962184826,0.5230261192323918,167
0.23339280817734404,0.25899905810558677,0.9011338106187098,168
0.24589098246339286,0.37497151607071094,0.6557590961576493,169
0.21608885879189796,0.3537413665580366,0.6108668061484557,170
0.18907099220332982,0.3826844810846695,0.4940649583370421,171
0.20955377430211436,0.328540263489912,0.6378328551762084,172
0.2186757657312725,0.35201717632533475,0.6212076581432835,173
0.19825421029970383,0.31189390006945766,0.6356463215713848,174
0.17435467007669103,0.4761839129045067,0.3661498537680669,175
0.1835078658206783,0.39777188307592265,0.4613394601992323,176
0.24371549098892137,0.31040556607584796,0.7851518066186004,177
0.19654707284603984,0.3387030233067706,0.5802932342532501,178
0.24231998987857578,0.3444328028924955,0.7035334260953326,179
0.2139539531419724,0.32715618060492035,0.6539810825103959,180
0.21322845754519787,0.321422695771491,0.6633895501168603,181
0.22229097943788767,0.44851956573366364,0.49561044025866813,182
0.21785548468960617,0.5550816936313071,0.3924746342550233,183
0.20472825205872083,0.3264237718363925,0.627185486237605,184
0.23681806994082355,0.29646561759777174,0.7988045017150195,185
0.2172954324334753,0.4704641578070141,0.4618745739236751,186
0.2286991617534567,0.21630825136503673,1.0572835770721911,187
0.20036249417432292,0.3613299942729265,0.554513871945492,188
0.18186296257196824,0.3801547612878653,0.4783919105888978,189
0.20901924936358748,0.3775687046358197,0.553592622474352,190
0.1901118824443274,0.47602480099859545,0.39937390246372545,191
0.20752286336892814,0.3046270799642933,0.6812357699560159,192
0.20464380587328837,0.4416401936610932,0.4633722401415492,193
0.18341274037980473,0.29495598248683513,0.6218308875562172,194
0.21933426212951637,0.28563209230757564,0.7678908219225306,195
0.21809716544909077,0.42225434622283764,0.516506620713369,196
0.20092825198949227,0.49684666063280897,0.4044069688092095,197
0.24733101959400455,0.40700023911699146,0.6076925658093034,198
0.20732568699343118,0.32246688748422647,0.6429363604149048,199
0.2424117448667449,0.300631692470428,0.8063412838305132,200
0.1909361560749462,0.42834952346634336,0.4457484965311246,201
0.17470479838029931,0.6361089015740474,0.27464605187569835,202
0.2085317712944083,0.2675433777548316,0.7794316310288207,203
0.16810861093149027,0.3847834002463346,0.4368915364432789,204
0.22345742651729342,0.19230323185454282,1.1620055698612255,205
0.20727050341471306,0.29501942458563163,0.7025656148093775,206
0.23343658463836905,0.40378162213556557,0.5781258280249196,207
0.2058234886133581,0.5699199878025651,0.36114453435288296,208
0.11590667717721054,0.6168190643304367,0.18791033526667728,209
0.21627405785249282,0.3825936326011988,0.565283996971086,210
0.17167629511436938,0.39835133278645546,0.43096704086189175,211
0.1924365467664272,0.38215225851931495,0.5035598834664508,212
0.21177660067729207,0.3032811237554097,0.698284806040503,213
0.2057691666321035,0.485217898137037,0.42407579650738575,214
0.19055064530838048,0.3386142167380825,0.562736695298801,215
0.18709287990674847,0.40762723585289506,0.45898032185039456,216
0.22412773472688233,0.39243208488933023,0.57112489869448,217
0.14745419762226264,0.44291784789946015,0.33291545671858747,218
0.18567607607878464,0.47308225652857516,0.39248158965262187,219
0.21299875776521374,0.31152281599337006,0.6837340535909474,220
0.17965630576637925,0.41990330450943647,0.42785161211405004,221
0.2283855406463307,0.49320119116466576,0.46306769881680865,222
0.22751719032466927,0.2676888143756222,0.8499316299612583,223
0.21532901448449868,0.29659324803748227,0.7260078100540113,224
0.22890916798779898,0.23648656626079742,0.9679584409685154,225
0.18654985030534124,0.31325849925714433,0.5955140905920263,226
0.1789076606588038,0.3496264111022547,0.511710943388882,227
0.2015543589252376,0.48315468087983493,0.4171632127380052,228
0.16386386418337764,0.3589522425589053,0.4565060327112653,229
0.18228873249051303,0.32415033267325555,0.5623586161000815,230
0.20341774900787216,0.3041872376634579,0.6687254553161971,231
0.18620990215592634,0.5360898768395767,0.3473482902786637,232
0.16098704267314629,0.3546719616942449,0.4539040580036878,233
0.18673217960967498,0.4116849854466149,0.45358025240366556,234
0.2379488477722637,0.3616770522797885,0.6579041890337838,235
0.23589392123343567,0.2859562647731045,0.8249300690111077,236
0.18600372075369986,0.36217281309100186,0.5135772593371424,237
0.2305734464260167,0.28295535001784644,0.8148757265465173,238
0.21744133013061726,0.2278212114792899,0.9544384770791361,239
0.21120536442516993,0.30858401690789417,0.6844339073083305,240
0.19074799359378083,0.40260843153337655,0.47378042448663343,241
0.19848816833444283,0.4006611112721193,0.49540163182853675,242
0.2029274362629259,0.4210284074564944,0.48198039056045106,243
0.1973959875405521,0.3042279983763311,0.648842278140267,244
0.18016261134208583,0.5866719789256009,0.3070925795229318,245
0.196913952598517,0.42033679165972504,0.4684670875965685,246
0.22336307789385434,0.3588592258889496,0.62242534615224,247
0.231423862349172,0.43797805158860087,0.5283914605075959,248
0.1597954738300849,0.4022991957445457,0.3972055512921104,249
0.19595765351383182,0.5076959425454124,0.38597443290834216,250
0.18716926935492553,0.38596130789959493,0.4849430902115615,251
0.243602306661172,0.2858970264107771,0.8520631001987548,252
0.22161725539572813,0.33710589808406705,0.6574113851323405,253
0.23361172902978697,0.3164131238676497,0.7383123878499517,254
0.17347302045167207,0.5229176712558101,0.3317405970141894,255
0.22321462452076762,0.23315131990062968,0.957380917319717,256
0.20435173436452164,0.5587034257941932,0.36576066107709476,257
0.23503658103245412,0.23780008688918466,0.9883788694407907,258
0.1864357823944423,0.31495359679010265,0.5919468273883228,259
0.20760147186056482,0.33718752007039965,0.6156855147462776,260
0.21270509123562695,0.6234251356428806,0.3411878653501577,261
0.16869017328639033,0.4037563027444916,0.4178019566251632,262
0.2415946999528365,0.21496832386632878,1.1238618583780953,263
0.2079390244942785,0.45019531281060093,0.4618862493172143,264
0.2143014648237799,0.3887286834686893,0.5512880163911061,265
0.2250211894294326,0.4312818281722035,0.5217497578858933,266
0.23268653690232474,0.4463447982845589,0.5213156685069728,267
0.22094389013322008,0.5168950862653351,0.4274443615426518,268
0.17019909972260255,0.36982594613042075,0.4602140588118203,269
0.17153274284559536,0.6739023195159353,0.2545365075591482,270
0.24098269232225905,0.3105939130323089,0.7758770607239535,271
0.2092222609383855,0.4211561512069188,0.4967807316569199,272
0.1728902415485163,0.3441546738550067,0.5023620327799337,273
0.22159546576288364,0.21494062938673567,1.030961277051879,274
0.1805734949743617,0.2778755544842682,0.649835842197428,275
0.20307351278627714,0.4035414282150988,0.5032284137083276,276
0.21229764493690254,0.24290746802125515,0.8739856648554166,277
0.22261140416304617,0.3529292128099609,0.6307536924774602,278
0.23993120442993646,0.7088903098705628,0.3384602682377557,279
0.19887305313758338,0.3629174225401916,0.5479843093384666,280
0.2020281130161639,0.31020380302574635,0.6512754229495888,281
0.20594639914936907,0.2709083456164081,0.7602069204651904,282
0.22065485343873295,0.4016629871367564,0.5493532152705058,283
0.14205554697154363,0.5142733182134988,0.2762257771121032,284
0.23268690975933098,0.4048150336172874,0.5747980940335172,285
0.21343982970581743,0.3462608767004831,0.6164133578696032,286
0.1827128914968142,0.39680744305152993,0.4604573192773676,287
0.1729847667539305,0.3255699435729985,0.5313290436318925,288
0.19938702115100304,0.5203270872948303,0.3831955437638505,289
0.19439406358100775,0.45613925986200216,0.4261726202647381,290
0.15938726749985152,0.3968651184900491,0.4016157129310622,291
0.18567902920216525,0.4375787312846301,0.42433284784444275,292
0.23000206846124796,0.3907875108155096,0.588560437822773,293
0.2434680871220985,0.4699456376917999,0.5180771297674432,294
0.1749363088827217,0.4458813779964065,0.3923382260744058,295
0.23849437357172204,0.4014758405447027,0.5940441478325186,296
0.24791975313065984,0.4834774501246324,0.5127845219394416,297
0.19488371933028742,0.48222632117326997,0.40413330996974606,298
0.18096988812246922,0.3779998896228684,0.47875645758262897,299
0.2271536220507527,0.45256752825156144,0.501922051120929,300
0.21811843297297054,0.4552925759880132,0.479073115786349,301
0.22607851228767742,0.28886824811261114,0.7826353840022734,302
0.1749087986116773,0.656981569341347,0.2662309062749372,303
0.18987657082655482,0.3850610139422029,0.49310775163297893,304
0.20387809825058428,0.2736518702838303,0.7450272422370912,305
0.1543851080059917,0.532957971701684,0.28967595233270416,306
0.22146846095664988,0.3275938565146936,0.6760458309959678,307
0.20432528514110662,0.38954718283913115,0.5245199917810356,308
0.20398498681127208,0.23048525614553667,0.8850240150826335,309
0.22193912229525387,0.2426222380083757,0.91475177262025,310
0.19325418448306259,0.3230022194193177,0.5983060575574011,311
0.23536721998299587,0.27951628359207736,0.8420519082404798,312
0.21144768562203167,0.31824596998319404,0.6644159095972144,313
0.18842721618929983,0.4312413850233983,0.436941403893961,314
0.162270489929173,0.375925254601152,0.431656261299439,315
0.25044881845224726,0.2673449988163772,0.9368000881298143,316
0.22431050819763196,0.35439441810626326,0.6329402968485064,317
0.22912948253633683,0.40425009855221045,0.5668013028492654,318
0.2329779149173995,0.4147384895339879,0.5617465482385785,319
0.20312430951420946,0.39202523899497466,0.5181408983639783,320
0.13015052339826455,0.511934702751713,0.2542326642415316,321
0.2286342949424891,0.3370665772093942,0.6783060392263566,322
0.17589289940058092,0.347609722993588,0.5060068455099728,323
0.2105652785136988,0.4312484424076428,0.48826907602986636,324
0.2346314381962622,0.34674811911506337,0.6766624684080929,325
0.2165201227315268,0.23391883340633485,0.9256207359559409,326
0.18641426187972363,0.3314225297930917,0.5624670778902772,327
0.18483504487884944,0.47355961033802757,0.3903099859950343,328
0.22085776959845177,0.2864764564757756,0.7709456208563774,329
0.23271058875231895,0.20398700209545328,1.1408108671719428,330
0.214047591209997,0.3594461920199921,0.5954927217537245,331
0.21282281142391843,0.2956206236405773,0.7199186876849077,332
0.21783842070987472,0.3785229959474141,0.5754958695828818,333
0.20122584434055324,0.384661948335727,0.5231238629429663,334
0.1956721954217075,0.3851996563098399,0.5079760384425583,335
0.2016697655582802,0.32428984473762296,0.6218812239447324,336
0.22522157478484148,0.47609146254592916,0.47306367054022536,337
0.21327315017110376,0.28303385870691544,0.7535252183094828,338
0.2027782512121854,0.27068792909931266,0.7491218832214277,339
0.18573465785450263,0.3865207826280083,0.4805295502913633,340
0.20122491590004024,0.2869679686255198,0.7012103715402106,341
0.20196301123659918,0.3093404765213345,0.6528825891385418,342
0.18971021480177264,0.3282189009874246,0.5779990556029593,343
0.2122037499021884,0.38265258855330536,0.5545598180962714,344
0.22004071318374685,0.25396687734872136,0.8664150045110388,345
0.24889953931444836,0.30223615552423994,0.8235266852264012,346
0.22292919429574368,0.41538728374473394,0.5366779461470933,347
0.22400387643949812,0.2773004797350848,0.807801979475467,348
0.17955599468965946,0.2986422716983829,0.6012410556232443,349
0.2296104205195067,0.33202424527114566,0.6915471499136959,350
0.2299653149075486,0.5305135008653109,0.43347683806812903,351
0.17099513979207115,0.3742395649112758,0.45691358109774,352
0.19062831148002882,0.47636824873983646,0.4001700616787717,353
0.23542937434258143,0.4461904774393894,0.5276432067615388,354
0.2061114703062602,0.310870254473273,0.6630144484408386,355
0.20927755876867443,0.34654240942141423,0.6039017248078912,356
0.19399301889544388,0.571077516621088,0.33969647420764937,357
0.21275608707166896,0.3201135038194688,0.6646270292666406,358
0.19945963475474712,0.3653856071069319,0.545888045054753,359
0.24009445204440588,0.24487779167175375,0.9804664212516271,360
0.2313315511115722,0.6063142661359127,0.3815373710169578,361
0.17933914982522015,0.32963029561415536,0.544061490134218,362
0.20068643054593413,0.4064719277289331,0.4937276521584717,363
0.19766363175787652,0.3054092240041307,0.6472091090320281,364
0.24999738185749865,0.23067808311779936,1.0837500402230826,365
0.18936035891363223,0.3183210632540293,0.5948722242188456,366
0.24636217010955447,0.291717919025663,0.8445218961262421,367
0.17439836681368528,0.38208408423270956,0.45643975766200034,368
0.20808674632472696,0.2975468009971106,0.6993412317907851,369
0.17191748826430114,0.47449315927870134,0.36231815970885806,370
0.19215288771853686,0.40489114797350323,0.4745791274525757,371
0.15984828242455607,0.5870347968424494,0.2722977978211005,372
0.20046336435027137,0.29490763217963356,0.6797496655772053,373
0.1952230500783427,0.3376520127815964,0.5781782506494901,374
0.2037094796062941,0.4000473921697015,0.5092133671999537,375
0.2380133053731086,0.5325641245881328,0.44691952458716605,376
0.17764711467798558,0.3259965603662076,0.5449355492537284,377
0.19041459853511164,0.3263217021048402,0.5835180354444691,378
0.2368862824348258,0.4405946463188854,0.5376512956160086,379
0.22329015457928644,0.3804502611374558,0.5869102413327356,380
0.21068337944393842,0.4004179707695445,0.5261586512689126,381
0.2243590407513484,0.37197635335530715,0.6031540411845574,382
0.24393289728866285,0.3746144313370681,0.651157234968288,383
0.1818422871759888,0.4706732704824454,0.38634504778569306,384
0.20007952036609053,0.37095620601397367,0.5393615664662952,385
0.202850742257302,0.4628549595568065,0.43825984375653215,386
0.2142989740600969,0.42136426468439475,0.5085836460778386,387
0.223680472162528,0.4886730836263738,0.4577302897524596,388
0.22958997461872935,0.2383281239951258,0.9633356347966086,389
0.21474220026724253,0.38540277132708084,0.5571890402547123,390
0.20457398024463724,0.29078254931892455,0.7035290828964587,391
0.1806989743825097,0.393220876686582,0.4595355564667448,392
0.21788420345006093,0.28502486004483385,0.764439296332917,393
0.23911348422408474,0.5923091806640832,0.40369707583461106,394
0.20526747538200663,0.37255933504848326,0.5509658625391685,395
0.2042523234411467,0.28633222414519255,0.7133403306278758,396
0.23228032095463524,0.21615770050756067,1.0745873055145247,397
0.19295236791596246,0.2871224823977097,0.6720211050860627,398
0.20467331043053658,0.38910766079036846,0.5260068897507628,399
0.1905642172570138,0.4090405872789316,0.4658809496747199,400
0.19238177602810125,0.33456441949706417,0.5750216245866797,401
0.1796539022024222,0.470438415712269,0.3818861219707505,402
0.24525777062331205,0.40792024300107194,0.6012395188308112,403
0.18351710083265388,0.3100640739031752,0.5918683145792679,404
0.21925320976320897,0.3445012364640602,0.6364366410222808,405
0.1899427367908098,0.34642873089784476,0.5482880599958677,406
0.17498969716164797,0.3762003539023312,0.4651502725781025,407
0.1817547306543902,0.625619481406301,0.29051961464792014,408
0.21966458459729657,0.37545053739019824,0.5850693039999662,409
0.20443504548803204,0.30330232549062197,0.674030590294149,410
0.2089474462780281,0.2880677330192982,0.7253413774878782,411
0.2101768633884262,0.2647388259343817,0.7939026799209299,412
0.24152073843721197,0.26542445171089524,0.9099415554233881,413
0.20498279467896396,0.3928396146723235,0.521797667605251,414
0.22929191387267758,0.42939065455397357,0.5339937221289851,415
0.21113747555671813,0.34440332538529944,0.6130529527277624,416
0.20234751465428266,0.35809362385762245,0.5650687450797386,417
0.24168542839636967,0.1823860840078396,1.3251308602359222,418
0.22312330232233643,0.3131606131573957,0.7124883939673277,419
0.19123852714903744,0.3236022696086279,0.5909678179338042,420
0.21336575703459154,0.3564001930116522,0.5986690277342687,421
0.2237995296849614,0.3910419011094663,0.5723159821236448,422
0.1852058685765675,0.38016315666389194,0.48717469152412063,423
0.2064433419730499,0.40064148732513843,0.5152819877725542,424
0.1854067511839122,0.48614191397044876,0.3813840071300303,425
0.15329269486754696,0.4870264894294364,0.31475227363327435,426
0.18990280740599128,0.36609651625076384,0.5187233392734997,427
0.19663635499616403,0.37886872539993616,0.519009202431775,428
0.2119780795392432,0.38076006684395347,0.5567235064755831,429
0.1792848338420518,0.5524589544484686,0.32452154571561903,430
0.21956319071895808,0.3217659958038422,0.6823691551695541,431
0.22402935347270259,0.2557992521925273,0.87580144020158,432
0.24271654205988047,0.25247708996629914,0.9613408570745111,433
0.2320786226732763,0.4798417180286389,0.48365661832559736,434
0.20193770503994726,0.35083240735369076,0.5755959278766523,435
0.21482634985942314,0.20958065522726135,1.0250294791113883,436
0.23034457339409775,0.24729118808729705,0.931471012678313,437
0.1886990774804848,0.3894618343796216,0.4845123727747696,438
0.23224113402191807,0.522653968259793,0.44434970004184315,439
0.17635425694927817,0.3593679358707727,0.49073453512751475,440
0.21943196235812013,0.35181716022652876,0.6237102312372479,441
0.1535661143089564,0.47335849162513466,0.324418209509104,442
0.21391515832415703,0.4743052961456596,0.45100731546219863,443
0.16748612222295786,0.3648671103218848,0.45903321369580846,444
0.1524482880164638,0.47922069804093403,0.3181170776631229,445
0.22818444024633874,0.22657651831301132,1.0070965956459181,446
0.20475056702617808,0.4202311966155645,0.48723314374369925,447
0.1775354998770559,0.3576568774486027,0.49638497417841143,448
0.22432265196081597,0.336713240550076,0.666212744097465,449
0.19952160630084406,0.4334747123459051,0.4602843040625386,450
0.19649731221274783,0.3230375024649354,0.6082801863974816,451
0.20261180635880055,0.4038432538304021,0.5017090280376192,452
0.1966882893308663,0.4216142925522627,0.4665123853847652,453
0.2241441075507346,0.469076765588782,0.47784099318880235,454
0.21187545227127172,0.2508665554002887,0.8445743273079912,455
0.21375237170335656,0.44690325638105804,0.4782967424186718,456
0.20038880794650793,0.24025857677115167,0.8340547531727867,457
0.20152808708117154,0.31204870642979676,0.6458225364459582,458
0.2425117341846586,0.2767007408632543,0.8764404946227017,459
0.2368744653591677,0.6263948951774002,0.3781551656676303,460
0.2318492270997522,0.5054463419296499,0.458701958776906,461
0.19315197637263493,0.3300174800045559,0.5852780173037151,462
0.18446971653755578,0.4570800114847988,0.40358298744746296,463
0.2064207273175091,0.2627118787367797,0.7857304675755804,464
0.1786087326197667,0.38876970525016313,0.4594203977515086,465
0.226283520105841,0.3052472075671038,0.7413123347118454,466
0.21996598788664912,0.3539262698564983,0.6215022919203929,467
0.20706950372314553,0.3953560402929973,0.5237544962502327,468
0.22769036658217304,0.224972727114664,1.0120798618675404,469
0.1969133475797195,0.44587539188129266,0.44163313599541415,470
0.18526771945179643,0.27108857708709283,0.6834213430995114,471
0.18542204468004966,0.394369493518092,0.4701733976072449,472
0.1818560463941489,0.37864349836818123,0.4802830292290341,473
0.1697119655440251,0.4309948590389587,0.39376795798087333,474
0.17940051351465805,0.37765433500730045,0.4750389360979798,475
0.20184543841088634,0.41809364133465393,0.48277567141788597,476
0.23578554263479307,0.44009298696779786,0.5357630083117998,477
0.22557134182592004,0.3510900731241392,0.642488521018827,478
0.20358422345859922,0.2759709948863166,0.7377015238230512,479
0.2007693572484792,0.30172062416603057,0.6654147617631866,480
0.20949011788890587,0.3432892274834524,0.61024378604774,481
0.2050598626837569,0.4069931361718156,0.5038410834456656,482
0.2264541183392461,0.4494352127369164,0.5038637648354545,483
0.23949260806324196,0.5298458052164279,0.452004348633874,484
0.22674244032314306,0.5289240029866328,0.4286862366669213,485
0.18183551979129664,0.39361508125660594,0.46196278661577567,486
0.24596023660844088,0.36689904490286485,0.6703757887229114,487
0.197240563991929,0.5585231876064153,0.3531465986886154,488
0.20491522527710695,0.3888776926269915,0.5269400358062196,489
0.1666028331650488,0.3898442129732816,0.4273574613161364,490
0.21693573426493015,0.3887925113768139,0.5579730265295109,491
0.1506596246048308,0.3763815981576786,0.40028424700432497,492
0.24346551398677607,0.2553800937768124,0.9533456988998954,493
0.1814846316017044,0.34883880266399137,0.5202535675955581,494
0.212841608522268,0.4689028092021504,0.4539141253694411,495
0.22562063676053667,0.4763802848744088,0.47361455527072976,496
0.23091550638739175,0.3789276165330895,0.6093921274466605,497
0.2001881446506259,0.44890702627852835,0.4459456701094658,498
0.20887849123006966,0.36228321811337,0.5765613221551568,499
0.2511969490486914,0.4501157844011804,0.5580718511857471,500
0.21753943797064224,0.3142376974688264,0.6922767055732484,501
0.21392071032776153,0.2613535984932752,0.8185106750434348,502
0.21185838133190804,0.29773305478142154,0.711571583771383,503
0.22911346992919115,0.3936615918012569,0.5820061563050857,504
0.19158636776437377,0.48346045419106937,0.3962813630433081,505
0.22760734809667693,0.3410746644784626,0.6673241134597653,506
0.20212523438519978,0.45503888028680406,0.44419332751918544,507
0.23346662301913665,0.2137970908623479,1.092000934519043,508
0.2419696730413678,0.44282412197112686,0.5464238758365217,509
0.1961309878770758,0.31505901212348897,0.6225214335408418,510
0.20942765915393835,0.4206434898280967,0.4978744809280767,511
0.20007793303586924,0.320247791536487,0.6247597589227204,512
0.1800910238948168,0.5131829106313504,0.3509295032316203,513
0.18762359999437006,0.41876215011144574,0.4480433581316686,514
0.20017665011366068,0.4721198621679761,0.423995400647727,515
0.21713842318170362,0.45336113840422965,0.4789524394305205,516
0.1996560170304714,0.3119336375943641,0.6400592721266644,517
0.21108866614923058,0.437541979753634,0.4824420876554243,518
0.17806175835365248,0.32787191978961583,0.5430832822399326,519
0.17459375662677898,0.5003911491655527,0.34891455797715404,520
0.24510812355856632,0.35644436706610744,0.6876476280886428,521
0.21682542029186253,0.40127488493278424,0.5403413680579137,522
0.24107044712561523,0.2222873628503921,1.0844991097755965,523
0.1911765012136981,0.49100000068524935,0.38936150905679917,524
0.24149607458532,0.33901842674962096,0.7123390810956561,525
0.19021651292631786,0.3365267184720268,0.5652345043804576,526
0.2121090814633204,0.43354631712886343,0.4892420327036822,527
0.19854465257317477,0.35962950879496236,0.5520810937858055,528
0.21517104420383412,0.3726649580338451,0.5773846978773155,529
0.1695719623147454,0.37645887130141215,0.45043954397604685,530
0.23217102431183723,0.3808600918382096,0.609596619040002,531
0.19222342893973096,0.3312800807306711,0.5802444521136408,532
0.21166084472392474,0.4088438818935724,0.5177057896613527,533
0.20213169290041505,0.3682928147316803,0.5488342015243444,534
0.23035232886915194,0.2935337500691141,0.784755854530916,535
0.21896901300776134,0.22600667422705278,0.9688608257107434,536
0.21535587814073026,0.26145219474266523,0.8236912233714261,537
0.19524407706449048,0.37402250720583624,0.5220115723063735,538
0.16195103303499306,0.6212159001715164,0.2607000770429069,539
0.1993549804620771,0.2567655343497999,0.7764086444346906,540
0.20609220081679477,0.3010104145357459,0.6846680076988523,541
0.19976517141832892,0.28755175998365085,0.6947103068667945,542
0.22829278480815932,0.34198658198383014,0.6675489531894953,543
0.17976386842463377,0.30018669136892984,0.5988402337387561,544
0.19261260458586169,0.5019403310903443,0.3837360591595763,545
0.19470629144471488,0.31303547083920436,0.6219943411611933,546
0.19593668864077338,0.321220414051057,0.6099758298973795,547
0.22596102650753822,0.39990265196163444,0.5650400801273413,548
0.14184540512664237,0.45694971826273134,0.3104179726074059,549
0.22057516142857733,0.2827371663661668,0.7801420812957968,550
0.20088982140183614,0.3671975417448232,0.5470892328071211,551
0.19686874667406254,0.4528478734908948,0.43473483745534447,552
0.17860249602133096,0.3768595767254852,0.4739231985908372,553
0.2095888827166699,0.3371561743318289,0.6216373854995538,554
0.22926496209688688,0.49825756622415224,0.4601334282473233,555
0.2119351970547458,0.3399979343942824,0.6233426018670243,556
0.2078467479519447,0.42246016644943774,0.4919913508030606,557
0.19582162703127484,0.2947836597013089,0.6642892866914406,558
0.23882350007669487,0.4494242766587992,0.53139875276032,559
0.20077877956913864,0.3843118856343875,0.52243708059591,560
0.18513822963742765,0.3914991483711271,0.4728956126921719,561
0.20143389296703382,0.3194048683879838,0.6306537968054712,562
0.22439318311590212,0.3026797560935758,0.7413551074969456,563
0.23126217427955686,0.45052591297041233,0.5133160327111854,564
0.21487656806594635,0.30278537726790145,0.7096662659366992,565
0.19457667842229523,0.3663325233822224,0.5311477032555985,566
0.2245436922264033,0.47632091718530706,0.471412621459677,567
0.1989206038506912,0.2772563251124582,0.7174610129092884,568
0.1787787628744583,0.3154321592034563,0.5667740515929593,569
0.23828021519670606,0.34211679617058505,0.6964879183479072,570
0.20622119326679958,0.46377349615706553,0.44465928944969063,571
0.21644896725750362,0.44563227168681074,0.48571205680010404,572
0.22308376223218682,0.24266621439501174,0.9193029313468886,573
0.22914064047900842,0.22855259062774325,1.0025729301499058,574
0.2165105253741515,0.30516362737167846,0.7094899455709031,575
0.24635230481717224,0.5765101154012482,0.427316534846422,576
0.2332727459152248,0.19516248586247925,1.1952745164334493,577
0.23159916482331988,0.3070346232756536,0.7543096031075026,578
0.18053271893923098,0.33072818290220085,0.545864332924467,579
0.18131180846650485,0.4865634726009707,0.37263752557767144,580
0.23427477288745702,0.3680005119794997,0.6366153449822044,581
0.23156211722235687,0.5598570494453191,0.41360936233950807,582
0.18849223686555708,0.41907192050903797,0.4497849358091076,583
0.21518360939301492,0.39497073561650037,0.5448089946642248,584
0.22322612680315854,0.3595801482679528,0.6207965814531405,585
0.22109552095221824,0.28788193831178643,0.7680076153744799,586
0.19913237537420292,0.4443454304380962,0.4481476836115342,587
0.24376043276759865,0.3257818330014387,0.7482321236940249,588
0.18365400563803888,0.3480494051376894,0.5276664833413084,589
0.1784439489674681,0.36936651576624513,0.4831080819475173,590
0.2294710763125963,0.5016411847695054,0.45744066332598654,591
0.21956659916036156,0.31542334128485067,0.6961013039364028,592
0.17219004875519908,0.4688399570384125,0.3672682888269512,593
0.22223018268303188,0.3178612304540619,0.6991421456639366,594
0.19983026191256853,0.41969721077549577,0.47612959243482234,595
0.2050747814060869,0.3634682827337716,0.5642164423911985,596
0.20972312716710137,0.46380293778809534,0.4521815410813994,597
0.20711157303615144,0.38305818352007037,0.5406791499216197,598
0.21408068850381176,0.3140314410864935,0.6817173712387851,599
0.21946124367923384,0.2267372864226314,0.9679098093736764,600
0.2136847088536159,0.28274657440596584,0.7557464110840426,601
0.22917148029031295,0.3677911032730413,0.6231022943482684,602
0.1956776380356566,0.3782676962553873,0.5172993622578463,603
0.19782100671759884,0.5186326483844973,0.38142798632866015,604
0.18747820381729333,0.39406050090690364,0.47575994900738566,605
0.1983248407848228,0.2929664529567946,0.6769540975876541,606
0.19067345641731823,0.31646683632880457,0.6025069123489806,607
0.21527815914013684,0.4397941884570923,0.48949750767600253,608
0.18744711274711856,0.24641634178740482,0.7606927015775526,609
0.2230381746404538,0.32162964893235024,0.6934627307551686,610
0.22644055286415612,0.17745833075236891,1.2760209785819443,611
0.2098350104759607,0.41789009312140657,0.5021296602381977,612
0.21493382046467258,0.356972934601773,0.6021011668698232,613
0.18282405277469824,0.5306733232568868,0.34451336587386233,614
0.2228237573948071,0.3561854147180202,0.6255836095119421,615
0.19086353937949088,0.3886143511969226,0.49113867975188225,616
0.22109756447330595,0.3820370157708643,0.5787333565758833,617
0.20786536368651445,0.40179517501844864,0.5173416123699599,618
0.24190338554078314,0.3833189538844647,0.6310759827798516,619
0.1913157439974888,0.31847189725712816,0.600730380436124,620
0.22098708516221208,0.33073998417606326,0.6681595686494733,621
0.22040037163788911,0.23018185369775024,0.9575054162492536,622
0.22861550687424048,0.4356751729714749,0.524738431421266,623
0.20002683617191672,0.2666949891774099,0.7500209763553358,624
0.23517493064346162,0.5489596525744427,0.4284011211763333,625
0.20300746206539283,0.36575521624510154,0.5550364097318917,626
0.21297787330480694,0.36423749706232916,0.5847225368681953,627
0.21277264456501835,0.23927059391710015,0.8892553033020743,628
0.20506368882998882,0.4424508970287732,0.4634721959138739,629
0.20334234488189873,0.5654930657289985,0.3595841526717263,630
0.21970061690862364,0.22571220113805956,0.9733661530075688,631
0.21886377388115372,0.4958143885651656,0.44142279637047716,632
0.21488188656925128,0.4996089968578837,0.43010011413060184,633
0.21265311885992733,0.3576670285867059,0.5945561146639934,634
0.20704096353567547,0.36315850123178706,0.5701118460215555,635
0.22875181900548577,0.37594579853096793,0.6084702100657808,636
0.19132379047650805,0.2847914950028052,0.6718030342676613,637
0.20365092115048805,0.3379362577098304,0.6026311663939692,638
0.20003328625300934,0.3989066724135994,0.5014538489484286,639
0.22661462047570308,0.26115644769966023,0.8677351161412581,640
0.2172134511419528,0.5345238675604342,0.4063681050077605,641
0.20523612530211596,0.3760698494981419,0.545739376809919,642
0.2087419589072234,0.3058931584847593,0.6824015284984666,643
0.2396195632541264,0.31070829312609494,0.7712042728028551,644
0.2189522437632268,0.31997056189750345,0.6842887122639865,645
0.21144887124884174,0.36994939386501197,0.5715616101968685,646
0.20117258532095908,0.2987489028868288,0.6733835116280467,647
0.20962484824190972,0.37249991073894173,0.562751405298512,648
0.2353398060925492,0.40383802316851264,0.5827579192421589,649
0.20529171406699012,0.3194280827615772,0.6426852401084,650
0.19329214108371442,0.3513900066885535,0.5500786516533878,651
0.18472861742810662,0.3809400704436016,0.4849282912479951,652
0.18832744439290267,0.3456082730729927,0.5449159035412552,653
0.2249018771070581,0.32161906366454335,0.6992803055407074,654
0.20151097967049464,0.28583956129884586,0.7049793204090965,655
0.19145789164238178,0.33658188030955516,0.5688300613993168,656
0.21979890561215293,0.2316368680358184,0.9488943080432475,657
0.17732435222626228,0.3628750646732914,0.4886650241066119,658
0.20444710400453134,0.3362437191092387,0.6080324847290624,659
0.1921954484578368,0.45977369050487316,0.4180218495033693,660
0.24836762237987542,0.28842562229458296,0.8611149744740972,661
0.2332080098918478,0.43356454018253165,0.5378853395013963,662
0.19900542061226215,0.3429788427053511,0.5802265208038656,663
0.20206402959204015,0.4849577306834356,0.4166631786800835,664
0.18675049534416777,0.4599405168573152,0.40603184216123833,665
0.21317195133062994,0.32227025975473433,0.6614695116231504,666
0.1815038727781203,0.4592903665838189,0.39518327834336686,667
0.20042606642866628,0.30817990333112827,0.6503541089547155,668
0.1945470569636015,0.3767221642636357,0.5164205226519526,669
0.2413189971146831,0.5667332558278954,0.4258070170280716,670
0.1908752156913829,0.3775934230005626,0.5055046090966964,671
0.23078265883089583,0.31123626196748144,0.7415031184734138,672
0.2107805008841977,0.34962245503534906,0.6028803294767965,673
0.18579322822489178,0.3602340864994039,0.5157569346930727,674
0.23332665049680487,0.20274482292458995,1.1508390060523996,675
0.19394806263946507,0.34672073219164845,0.5593783256441126,676
0.19700381221953558,0.32108744119082483,0.6135519081310148,677
0.20577925596304486,0.2676898689544688,0.7687226145941509,678
0.23576497026044774,0.792748754066808,0.2974018805466062,679
0.1891865017682584,0.49381823620580223,0.3831095895158752,680
0.23902315024086748,0.34022226622989676,0.702549991479257,681
0.20672277164104227,0.3210746070800736,0.6438465300044334,682
0.24383026976678646,0.33118176182346115,0.7362430479996116,683
0.22397533226145694,0.24295298969617204,0.9218875328167484,684
0.2059850222258592,0.29285352365914386,0.7033721829675095,685
0.22920574184917072,0.4146861760422054,0.552720961274202,686
0.17925015515467901,0.2967455842266509,0.6040533193503893,687
0.214101535857829,0.31122140905134443,0.6879396135068174,688
0.21188628230564335,0.29155633892135163,0.7267421558712892,689
0.17752607128518272,0.36707669899162765,0.48362119353490146,690
0.21882947482399098,0.28978205574401694,0.7551519167125278,691
0.18893827929386994,0.2877593729738477,0.6565842750534528,692
0.17142832083733245,0.39019173950439595,0.4393437981415829,693
0.22790887205219368,0.20265515988725033,1.1246142075977417,694
0.21117961748700914,0.2948746015639934,0.7161675382244785,695
0.23276867454948755,0.2926182278963397,0.7954688134874021,696
0.20506910729412944,0.32551695763099014,0.6299797982463273,697
0.1764441616439603,0.36813869501452134,0.4792871926625382,698
0.20374490656690336,0.3252861554124966,0.6263559121000206,699
0.2352536048140342,0.29229592798149073,0.8048473560293024,700
0.24505337010673153,0.4175868141154953,0.5868321551909806,701
0.24045579157621755,0.23173297803703988,1.0376416581406183,702
0.1988181877721686,0.40266390723230616,0.4937571612482908,703
0.24199141864616544,0.39682170909394426,0.6098240421339347,704
0.2450418406190662,0.54680186026453,0.44813644287991383,705
0.17874378734611182,0.3918574211131402,0.4561449591495767,706
0.21946573592497692,0.3398959317259318,0.6456850919355477,707
0.17859007593035406,0.3295874129772823,0.5418595155594242,708
0.2215843930251434,0.27638286501544584,0.8017298504115297,709
0.1901697297216171,0.34158032750724276,0.5567350178197391,710
0.21750146691597322,0.41628824035763956,0.5224780472518619,711
0.19824449300925712,0.2865248154147693,0.6918929263501353,712
0.2020818957012112,0.29407174041920875,0.687185703097948,713
0.23823533386911835,0.512633196805146,0.4647286507269887,714
0.2216001851162409,0.24579505159922604,0.9015648755922256,715
0.19053209974498583,0.41065062418340215,0.4639761600846651,716
0.19734845330179013,0.4715528810430657,0.41850757621342327,717
0.1982758817280974,0.2866461109516114,0.6917096522602683,718
0.20767213817315763,0.6028625036633183,0.34447678684812794,719
0.2163659385028645,0.349937990570159,0.6182979394444609,720
0.20626953470471393,0.2772758590170643,0.7439145096725479,721
0.17688269885934002,0.4001040543358132,0.4420917432415713,722
0.2342427336896132,0.381984102444634,0.6132263939533062,723
0.2045940455375504,0.2818005025149536,0.7260244169603414,724
0.1990957658702158,0.25227354741796243,0.7892058755583969,725
0.18266282777258736,0.34905675770459077,0.5233040866298776,726
0.22952046107348476,0.27102614199952524,0.8468572787118329,727
0.19716104125604184,0.29686910978600856,0.6641345790343797,728
0.14428917956725532,0.5358196246029353,0.26928685128727714,729
0.1768086404685405,0.36477360357925065,0.4847078810902146,730
0.2265995192509144,0.3577145564443128,0.63346463029997,731
0.2331635563705499,0.32102081229007906,0.7263191277450881,732
0.24017629388290104,0.3423810146853839,0.7014883523947745,733
0.21249221090454304,0.22924033549355533,0.9269407604340069,734
0.1935620479198434,0.37461544551369935,0.5166953211296917,735
0.17006203623900287,0.5296182548550687,0.3211030486204459,736
0.19983615143553274,0.282875655903598,0.7064452075142001,737
0.2216540336496948,0.5494432316746249,0.4034157140750006,738
0.20435124733001286,0.30833109673423115,0.6627656097437208,739
0.21944152338594933,0.3973340088110563,0.5522847743201867,740
0.2218138504030185,0.34725159817578344,0.638769847477371,741
0.21097450406227938,0.3150920966005703,0.6695645696557199,742
0.20831505084159976,0.28176883026693417,0.7393119055938592,743
0.20052751956583542,0.3085997532130603,0.649798055500677,744
0.21828152357879396,0.25188680958736975,0.8665857649964818,745
0.20287273914128282,0.2988227567739345,0.6789065910892462,746
0.1996740585353517,0.36457075559051993,0.54769631264561,747
0.23583182273653022,0.2713178066345524,0.8692087912024901,748
0.23458651071796452,0.3420723415884467,0.6857804101572168,749
0.2149655595777413,0.28323754571727405,0.7589585590898975,750
0.24046691189598818,0.24070793359546702,0.9989986964871548,751
0.1979820040412329,0.2446853569435924,0.8091289422230278,752
0.23169513275735987,0.2638223515044905,0.8782240452186106,753
0.23646712872633585,0.3142360028943433,0.7525144367554982,754
0.21679248735918002,0.39222085362643433,0.5527306499762534,755
0.20663678278224104,0.42515602840439715,0.48602576225426025,756
0.2276075817068745,0.320150052753689,0.710940322355614,757
0.22285792445159555,0.3456826217313576,0.6446894071081954,758
0.16573273051201273,0.41502600678229956,0.3993309522864365,759
0.21719549539615327,0.28011381480765096,0.775383019024954,760
0.1859179500088606,0.3846323749562256,0.4833653174151542,761
0.22137202474160603,0.19897803057924693,1.112545058854828,762
0.22861299181341654,0.4081589575019432,0.56010774138732,763
0.2203537909029019,0.2098030370121557,1.0502888520633518,764
0.23847309896640892,0.1710728695051837,1.3939854966843994,765
0.21112739695868465,0.2395473209434959,0.8813598754814924,766
0.19013762697515726,0.2813265117438753,0.6758610334893072,767
0.19533022816785003,0.3514570045020955,0.5557727564558623,768
0.21699040159946265,0.5007701624343334,0.4333133598548154,769
0.2294452535976683,0.2858091544541478,0.8027918281199704,770
0.18068919704754974,0.445113961775269,0.405939180894031,771
0.2004899128365949,0.3754212352784967,0.53403988372652,772
0.14319852555130042,0.5180287962917444,0.2764296629383777,773
0.20741050897124247,0.29375174494759027,0.7060741341579013,774
0.18491875988512133,0.3959556350831866,0.46701888671510283,775
0.15948309337947233,0.43610043077346644,0.36570267334204093,776
0.23335169185221194,0.24692668754869032,0.9450241857968407,777
0.22843176881338692,0.3762173817791846,0.6071802629987513,778
0.21593150519710355,0.42505740685033355,0.5080055110606152,779
0.20211290519788697,0.326898336035874,0.6182744997995554,780
0.2055569185584324,0.37873501022168815,0.5427460176921907,781
0.1942753111618873,0.4011900550069644,0.48424757477728303,782
0.1797002464848001,0.3653563445717981,0.4918492566357671,783
0.22244912503335604,0.42880450725068986,0.5187658274853597,784
0.20570055295174225,0.28427820186420033,0.7235889055257405,785
0.1993345963203594,0.49719682955111355,0.4009168692815792,786
0.20941338100740453,0.3226605121849816,0.6490207915102658,787
0.20680625831347782,0.2774436011025138,0.745399272110313,788
0.15124837449693315,0.4597887195828952,0.32895190346153025,789
0.2246383270978026,0.39014284540124966,0.5757848176525424,790
0.17960698391926086,0.480520663180473,0.3737757763224522,791
0.207519537697242,0.40438078461294813,0.5131785326938042,792
0.2060497704065722,0.4227581427126339,0.48739397208165125,793
0.24508154580836458,0.22624963013305596,1.0832351224805703,794
0.23077003571557494,0.31078853766184666,0.7425307170326345,795
0.1899386722665825,0.32488706515648946,0.5846298379872221,796
0.23377078668321694,0.6413623088480283,0.3644909958976234,797
0.22432620450880944,0.3717468509926693,0.6034380759643154,798
0.2283681990846294,0.25075685873462533,0.9107156639185302,799
0.20342886775443192,0.2977390326751833,0.6832455453577075,800
0.20856827156344493,0.4946475819719292,0.4216502398171654,801
0.19352551569971277,0.31739747495192167,0.609726072108883,802
0.18709896518297556,0.37741450080767736,0.49573867666075006,803
0.24843541622008106,0.2203880604946078,1.127263499041317,804
0.15740639072865611,0.5401277244326894,0.2914243865078103,805
0.2225024066365815,0.32517941240655474,0.684245060257377,806
0.19882415445425583,0.3192156314001908,0.6228521879775871,807
0.237088481305162,0.23035612943965608,1.0292258420988512,808
0.23511755476659743,0.6018279630338933,0.3906723668693278,809
0.2125473655638561,0.4388620206651465,0.484314785867585,810
0.1984125740832628,0.2595211070536992,0.76453347604674,811
0.22291277165577622,0.3216812127869195,0.6929617360135758,812
0.1993232191949379,0.3898235524032522,0.5113165122171694,813
0.2022959217042919,0.42141448573139956,0.48004026570940167,814
0.19278401063802253,0.3483871825423649,0.5533613757864914,815
0.1818547879063701,0.427038471199246,0.4258510653517233,816
0.2127152171751,0.5739152732781982,0.37063871111161206,817
0.2285836066602919,0.4280746354975629,0.5339807307073985,818
0.19359460588428246,0.41840557959647423,0.4626960426077306,819
0.203345179325459,0.38166105287010743,0.532789965851361,820
0.17581725783336621,0.3897689023402023,0.4510807731908471,821
0.21370543229088518,0.31946548281915893,0.6689468621305115,822
0.1948584292064879,0.25419690879174484,0.7665649048711644,823
0.20163601749907228,0.41407749962500445,0.48695236442858464,824
0.2186514996852141,0.29420424698879344,0.7431962723962403,825
0.22354203771908515,0.2502040724492691,0.8934388458621515,826
0.2145640526879776,0.3992831471621818,0.5373731754343878,827
0.1833352868826361,0.3158592597482164,0.5804334722647667,828
0.23585790393675965,0.26454682337196594,0.8915544739130424,829
0.2334843209506162,0.3517311562553859,0.6638147255316992,830
0.2102085664325567,0.38075848836548815,0.5520784771862487,831
0.2215671236643175,0.24896915430790334,0.8899380498770647,832
0.22446306370346883,0.27348734588715956,0.8207438738174084,833
0.21451355786700516,0.6766644765205623,0.3170161362246221,834
0.20628513929776057,0.3683983162507853,0.5599513629626174,835
0.23681204993728894,0.362277489705137,0.653675860816066,836
0.19069488760093603,0.34123008560365065,0.5588454700985366,837
0.19778788340912995,0.4176738784029129,0.47354621305364963,838
0.21199738161613413,0.2545312614708585,0.832893297236127,839
0.23443893110098887,0.39317839944834587,0.5962660497878863,840
0.20180861015836501,0.3847213814471744,0.524557822596806,841
0.18823671549849466,0.32457525630696527,0.5799478297891901,842
0.23505415206142563,0.45861200506603716,0.5125337964660985,843
0.213863205853617,0.29886551705507153,0.7155834100934727,844
0.22514377153455326,0.7206937446919838,0.31239867584916686,845
0.2385299518858636,0.17260654348831064,1.3819287905618565,846
0.24420885142844104,0.3137412768364824,0.7783765460855165,847
0.2270419380724177,0.4038129237222174,0.5622453486124671,848
0.18504647653881554,0.4576639476414629,0.404328279499486,849
0.24252863103274136,0.34051699186937884,0.7122365016244903,850
0.20132228527659382,0.32448385585415584,0.6204385261221783,851
0.23060132922211812,0.3723783104736,0.6192662750116504,852
0.25584816102139507,0.414799922394473,0.6167989606759968,853
0.2086603986622181,0.4369733161445486,0.477512907431616,854
0.20407282352002792,0.4202809117964761,0.4855629123095926,855
0.21653526670261855,0.3132877368050121,0.6911705798346919,856
0.24051013442027092,0.2630696825910586,0.9142449713376646,857
0.19755337839504566,0.42354022375393857,0.4664335695062979,858
0.22739617063981815,0.3267765499867858,0.6958766491935042,859
0.2065990006777914,0.5102380058383925,0.40490711846978217,860
0.17892383988597085,0.34320160616528544,0.5213374199647579,861
0.22207356632939995,0.3848919038125561,0.5769764552843145,862
0.18059468120467836,0.35894971834117584,0.5031197183807958,863
0.2229714717691505,0.3874849465082178,0.5754326039719371,864
0.24321996590546022,0.28824558095491526,0.843794257312491,865
0.2239855719897639,0.22631329681744675,0.9897145909656361,866
0.21886465559141743,0.29164689188264387,0.7504439844313056,867
0.24469349603783933,0.4232718165236435,0.5781001391671232,868
0.20819750689992486,0.38612244732290246,0.5392007337139237,869
0.224628326978413,0.41958359375119136,0.5353601292418865,870
0.22273474402011456,0.3310251068301738,0.6728635968219306,871
0.18956336122346928,0.29334468104141626,0.6462137324272995,872
0.22716198685435676,0.2191980165233502,1.036332310197516,873
0.20717837439012585,0.3153645322634711,0.6569488740637416,874
0.24498230194585038,0.32420141690705157,0.7556484616354614,875
0.17817108729124456,0.4690088481454367,0.3798885415398279,876
0.2038844899044211,0.26872668102668856,0.7587057940263562,877
0.21520883191869325,0.3731811952861764,0.5766872356836173,878
0.22077091027865917,0.3634228524535459,0.6074766866975679,879
0.21931298241409236,0.280159176700006,0.7828156300192599,880
0.2022909884587533,0.29489109374733496,0.6859854120656415,881
0.1974407349656345,0.4132541257694657,0.4777707532816673,882
0.21523487677962544,0.3280583832288281,0.6560871106576609,883
0.24389803056453774,0.4003948747466507,0.6091437377135855,884
0.20167934705346993,0.5046471587248761,0.3996442733633256,885
0.2160400493973228,0.30654842119689174,0.7047501616671622,886
0.19891806510384957,0.30184843519425664,0.6589998221320394,887
0.19935670589043167,0.3748998422344269,0.5317599087325645,888
0.22753413800594102,0.24777702701361085,0.9183019941289479,889
0.19717787779585633,0.3897333435794135,0.5059302239447178,890
0.1680367285828751,0.3278498803022356,0.5125416804421791,891
0.19777320301673074,0.3922088221068174,0.5042548557535188,892
0.21676071853949905,0.2711822318708804,0.7993175550037754,893
0.22174200393542995,0.26578642907347416,0.8342864032163638,894
0.21649893215821947,0.48705155149410684,0.44450927523806283,895
0.2006229719568573,0.32454931547702043,0.6181586661551973,896
0.13804447068602424,0.5521454718828144,0.25001467496472085,897
0.20675938409222955,0.2977946577390196,0.6943018577365775,898
0.17668103366003576,0.40653824710459974,0.434598798313254,899
0.2104383985263637,0.24692513997722554,0.8522356149955931,900
0.20971775861292255,0.23139076199888817,0.9063359176540083,901
0.20294113949874026,0.2801384462765586,0.7244315880098531,902
0.20846091729746768,0.586112664618155,0.35566697306101946,903
0.19988590872579137,0.31382188517977855,0.6369406283162282,904
0.23304067752343072,0.6017944272425344,0.3872429969005196,905
0.20286430075913958,0.2370866304451553,0.8556547468671698,906
0.21746712301924045,0.5069199842094816,0.42899694191060633,907
0.2074985687280091,0.36641387022549793,0.5662956170308471,908
0.19663126528413252,0.45588797154973226,0.431314878994745,909
0.20240141804328482,0.32333797439148637,0.6259747820348012,910
0.2289858569408015,0.4716871821813872,0.4854612666848874,911
0.2245833423537996,0.4237886357028459,0.5299418706245677,912
0.23298896852961382,0.5242205509789324,0.44444836833376505,913
0.2017697745064765,0.434958297518211,0.4638830335177793,914
0.2009662446526638,0.24116039571601175,0.8333302159999761,915
0.22612584010173079,0.32673386833423634,0.6920795853046144,916
0.2022561407009687,0.4015288862159595,0.5037150442824845,917
0.18349211694163106,0.3717119556794416,0.49364061106463764,918
0.21878068258155678,0.23557530971779195,0.9287080332979109,919
0.2371126035531986,0.16908319512258785,1.402342813437423,920
0.23647411503459545,0.36501280728270646,0.6478515556618364,921
0.18352688874529133,0.3174693882146097,0.5780931817628568,922
0.21981273336404972,0.4005416322906971,0.548788729168903,923
0.1529629852725492,0.6573297503029276,0.23270357868643077,924
0.23701247210012974,0.4594887027320052,0.5158178442492987,925
0.19859632053439646,0.3443517677809039,0.5767251372461509,926
0.24285154240388432,0.37299397270961454,0.6510870420765499,927
0.1982725802334434,0.46932334590721614,0.42246477180924497,928
0.2428577605443257,0.29857617945980064,0.8133862553393122,929
0.2131589980160581,0.355382517101581,0.5998015877498264,930
0.22557302199615567,0.3631707595831989,0.6211211008701241,931
0.20528835086197425,0.3464087228793933,0.5926188842924953,932
0.1969531882448346,0.3624847053857908,0.543342064695442,933
0.2399558346228639,0.319111452521392,0.7519499307433292,934
0.2042551916875905,0.25254276876784526,0.8087944576047471,935
0.238696001799021,0.29380814405046113,0.8124213253871727,936
0.21465433292660757,0.265522479347638,0.8084224486529037,937
0.18198490743054027,0.4126589785719677,0.4410055684728113,938
0.2238656186543342,0.37178580339628864,0.6021360057573649,939
0.2466224373367697,0.28189421386709657,0.8748758406692366,940
0.17569620227177438,0.42891279645145114,0.4096315235296588,941
0.22228221603092693,0.2673634117884223,0.8313860694103862,942
0.18375165127522036,0.33172094135113306,0.5539344321367872,943
0.2308983204988406,0.31034172255293235,0.7440131433164235,944
0.2156314561835263,0.4075859001901698,0.5290454259652206,945
0.21300177418761918,0.23992827532407854,0.8877727058218173,946
0.2484395139448248,0.6211050600084393,0.39999595872145866,947
0.18699196250927472,0.5143815638830203,0.3635277304608065,948
0.18656561812375871,0.35642635595813227,0.5234338454636438,949
0.20539665676162852,0.35129850025845855,0.5846784333281052,950
0.14038492549191497,0.47510219159256734,0.295483641153785,951
0.22660037215664788,0.2708420525901568,0.8366513618900376,952
0.23558206880063287,0.4140944263074638,0.5689090551190223,953
0.24212713648622347,0.24715323965668268,0.9796640206802836,954
0.13741156596128554,0.5032744023699304,0.27303507850630077,955
0.22389211274061196,0.4132107353616066,0.5418351789545854,956
0.22369091605447003,0.163423685698402,1.3687790426370083,957
0.23034483488965712,0.5191803325869518,0.4436701863144617,958
0.19618029895146347,0.4489142480745397,0.4370106313018802,959
0.19517301275718718,0.2827074907361956,0.6903708573442436,960
0.21032525523087228,0.3186961758464506,0.6599553781034637,961
0.20775424030564524,0.3285214131152724,0.6323917772530339,962
0.20233904343794484,0.3547763741791442,0.5703284044945276,963
0.2313132464642805,0.43503098616534164,0.5317167140281948,964
0.1911533706451637,0.3109274377167982,0.6147845042201511,965
0.22659798692906707,0.2747571416350966,0.8247210084533874,966
0.208121008825636,0.3006967185128451,0.6921292984337823,967
0.20495235263076014,0.3010143746248436,0.6808723101220456,968
0.19038282174636578,0.3182543577456082,0.5982096304822491,969
0.17244691752237276,0.38046324705515483,0.45325512741937346,970
0.18400492944012517,0.36567254963264834,0.5031959047103072,971
0.19094458179883614,0.41995531459498797,0.4546783316291314,972
0.21465648161619166,0.28565409461420477,0.7514559940269709,973
0.20138868178031274,0.3475643030394996,0.5794285547138757,974
0.20827582187469224,0.44294703818961584,0.4702047963249592,975
0.21522166983963037,0.29966764270951246,0.718201230849134,976
0.24642117025540977,0.35453548196444534,0.6950536202752259,977
0.2030852979127689,0.32981892113489525,0.6157478692064104,978
0.19812737379567133,0.4106594636156264,0.4824614829310662,979
0.20571852862447165,0.408488043846786,0.5036096691770781,980
0.24080317445365537,0.3609427971197509,0.6671505190717616,981
0.2500917385841805,0.2556833481099795,0.9781307247142514,982
0.20395060790227718,0.2639794525920298,0.77260031377319,983
0.23566258468181872,0.3135213755520668,0.7516635325640882,984
0.21109370484284964,0.31843534094668696,0.6629091614494866,985
0.20616285915715915,0.30301884617254243,0.6803631581375887,986
0.24367140588323286,0.3480490635288767,0.7001064833004962,987
0.20047344039988332,0.17798625998643833,1.1263422267267058,988
0.1467922396117514,0.47002941750742655,0.31230436679940793,989
0.23517083253987328,0.2941648248677189,0.7994525948016584,990
0.22633417991422555,0.4116763713887988,0.5497866665280848,991
0.2040616544615753,0.4166234013766844,0.48979882979995093,992
0.2196346379751515,0.4232197532909328,0.5189612164065713,993
0.2254137321919983,0.3587200819699913,0.6283833649738497,994
0.16378217196115533,0.4003975809294399,0.4090488548431512,995
0.22875769676454644,0.28253416415968674,0.809663841698287,996
0.21709209743164604,0.2727549462374789,0.795923595250335,997
0.21916706443377465,0.3528610632523067,0.6211143343890662,998
0.22879495588713872,0.27899028735918446,0.8200821543030204,999
